"Data","Ultimo","Apertura","Massimo","Minimo","Vol.","Var. %"
"23.05.2025","41.932,27","42.768,90","42.836,00","41.310,50","847,33M","-1,83%"
"22.05.2025","42.712,54","42.821,81","42.830,57","42.513,96","619,70M","-0,69%"
"21.05.2025","43.010,46","42.962,61","43.081,04","42.747,69","620,57M","0,09%"
"20.05.2025","42.972,57","42.771,41","42.972,60","42.592,26","600,98M","0,89%"
"19.05.2025","42.592,15","42.426,67","42.592,15","42.236,81","598,39M","-1,16%"
"16.05.2025","43.090,11","42.970,82","43.147,76","42.902,79","747,28M","0,58%"
"15.05.2025","42.839,86","42.615,66","42.839,86","42.490,15","697,04M","0,15%"
"14.05.2025","42.775,16","42.519,33","42.775,16","42.395,41","663,05M","0,65%"
"13.05.2025","42.498,02","42.318,97","42.513,11","42.290,79","685,24M","0,41%"
"12.05.2025","42.323,03","42.347,59","42.605,78","42.030,90","950,14M","1,35%"
"09.05.2025","41.759,14","41.567,68","41.873,52","41.515,57","826,78M","1,03%"
"08.05.2025","41.334,90","40.835,16","41.345,75","40.795,07","1,03B","1,63%"
"07.05.2025","40.672,13","40.881,40","41.039,85","40.616,13","516,98M","-0,61%"
"06.05.2025","40.922,85","40.942,31","40.990,15","40.435,36","646,66M","0,21%"
"05.05.2025","40.836,34","40.658,89","40.861,98","40.515,62","398,04M","0,40%"
"02.05.2025","40.673,36","40.371,93","40.687,90","40.228,01","594,24M","1,91%"
"30.04.2025","39.909,61","40.316,97","40.418,72","39.424,63","736,10M","-0,63%"
"29.04.2025","40.160,81","39.902,09","40.180,71","39.863,53","600,35M","1,10%"
"28.04.2025","39.723,02","39.796,61","39.972,15","39.689,31","496,06M","0,37%"
"25.04.2025","39.577,84","39.280,33","39.595,09","39.102,58","540,86M","1,43%"
"24.04.2025","39.021,07","38.620,07","39.066,31","38.580,52","618,26M","0,95%"
"23.04.2025","38.655,06","38.547,54","38.724,97","38.412,85","719,37M","1,44%"
"22.04.2025","38.106,40","37.895,34","38.106,40","37.648,04","611,70M","-0,08%"
"17.04.2025","38.135,93","38.208,22","38.288,51","37.961,58","507,18M","-0,26%"
"16.04.2025","38.234,70","37.725,95","38.234,70","37.484,19","719,56M","0,58%"
"15.04.2025","38.014,42","37.334,43","38.059,06","37.334,43","698,41M","2,33%"
"14.04.2025","37.147,94","36.767,03","37.253,44","36.697,26","732,35M","2,85%"
"11.04.2025","36.120,05","36.727,06","36.775,02","35.661,93","545,85M","-0,71%"
"10.04.2025","36.377,50","34.913,21","37.553,14","34.883,27","1,05B","4,63%"
"09.04.2025","34.769,23","34.675,25","35.197,24","34.238,54","818,59M","-2,75%"
"08.04.2025","35.751,58","35.422,66","36.159,26","34.727,45","962,80M","2,50%"
"07.04.2025","34.878,77","36.220,67","36.427,67","33.905,52","1,50B","-5,00%"
"04.04.2025","36.716,28","38.808,17","38.839,83","36.143,67","1,60B","-6,44%"
"03.04.2025","39.245,26","39.839,76","40.146,38","39.194,57","1,00B","-3,51%"
"02.04.2025","40.672,01","40.649,55","40.771,37","40.236,38","630,20M","-0,25%"
"01.04.2025","40.774,11","40.471,13","40.839,90","40.382,30","765,82M","1,26%"
"31.03.2025","40.267,08","40.675,57","40.675,57","40.083,45","854,38M","-1,76%"
"28.03.2025","40.986,95","41.289,64","41.347,35","40.887,60","858,16M","-0,90%"
"27.03.2025","41.357,65","40.960,13","41.452,28","40.690,21","1,20B","0,07%"
"26.03.2025","41.327,40","41.839,39","41.881,08","41.307,02","695,71M","-0,79%"
"25.03.2025","41.657,55","41.351,58","41.772,62","41.341,44","720,07M","1,03%"
"24.03.2025","41.233,22","41.532,22","41.633,01","41.141,00","811,95M","-0,16%"
"21.03.2025","41.297,51","41.255,45","41.499,31","41.127,60","910,84M","-0,41%"
"20.03.2025","41.466,12","42.064,37","42.108,68","41.206,74","636,65M","-1,28%"
"19.03.2025","42.003,70","41.712,52","42.040,40","41.672,06","513,18M","0,43%"
"18.03.2025","41.824,82","41.477,99","41.873,85","41.460,77","866,88M","1,24%"
"17.03.2025","41.314,22","40.979,31","41.348,86","40.881,90","633,76M","0,94%"
"14.03.2025","40.930,38","40.214,77","40.934,41","40.051,06","1,06B","1,71%"
"13.03.2025","40.243,93","40.342,45","40.626,70","40.103,96","638,70M","-0,74%"
"12.03.2025","40.543,15","40.230,00","40.612,68","40.190,87","469,64M","1,59%"
"11.03.2025","39.910,01","40.565,77","40.598,40","39.747,72","614,14M","-1,33%"
"10.03.2025","40.446,84","41.066,59","41.129,62","40.344,34","597,20M","-0,95%"
"07.03.2025","40.834,15","40.810,63","41.021,86","40.546,51","650,90M","-0,46%"
"06.03.2025","41.024,59","41.063,66","41.184,88","40.589,61","758,62M","0,65%"
"05.03.2025","40.759,16","40.482,82","40.998,45","40.385,39","718,18M","2,04%"
"04.03.2025","39.944,90","40.984,48","41.076,55","39.770,35","875,44M","-3,38%"
"03.03.2025","41.343,59","40.927,32","41.529,49","40.673,93","577,70M","1,04%"
"28.02.2025","40.918,67","40.692,06","40.952,33","40.591,93","714,30M","0,03%"
"27.02.2025","40.904,66","41.326,94","41.326,94","40.658,36","613,06M","-1,48%"
"26.02.2025","41.517,46","41.112,05","41.551,35","41.112,05","748,10M","1,28%"
"25.02.2025","40.991,82","40.601,60","41.202,71","40.600,61","594,67M","0,58%"
"24.02.2025","40.754,41","40.730,53","40.890,13","40.444,78","675,15M","0,10%"
"21.02.2025","40.713,99","40.681,94","40.793,15","40.581,91","520,78M","0,49%"
"20.02.2025","40.516,93","40.691,00","40.830,65","40.451,69","532,72M","-0,29%"
"19.02.2025","40.633,82","40.974,57","41.198,27","40.611,42","1,00B","-0,54%"
"18.02.2025","40.855,37","40.766,77","40.880,39","40.715,98","767,18M","0,56%"
"17.02.2025","40.627,15","40.298,81","40.716,27","40.298,81","884,94M","0,88%"
"14.02.2025","40.272,44","40.175,83","40.460,72","40.148,81","1,45B","0,17%"
"13.02.2025","40.202,25","40.043,71","40.202,25","39.834,79","1,28B","1,02%"
"12.02.2025","39.797,91","40.012,10","40.073,40","39.793,07","842,23M","-0,14%"
"11.02.2025","39.854,71","39.570,39","39.856,24","39.403,47","786,29M","0,89%"
"10.02.2025","39.505,04","39.380,81","39.518,99","39.331,88","1,01B","0,52%"
"07.02.2025","39.301,32","39.386,90","39.438,93","39.220,83","1,43B","-0,19%"
"06.02.2025","39.377,84","38.962,48","39.377,84","38.918,29","762,74M","1,41%"
"05.02.2025","38.832,15","38.852,18","38.852,18","38.658,98","517,07M","-0,35%"
"04.02.2025","38.967,74","38.605,48","38.967,74","38.162,49","615,06M","1,27%"
"03.02.2025","38.479,14","38.160,54","38.554,56","38.061,90","574,77M","-0,67%"
"31.01.2025","38.739,77","38.798,50","38.869,55","38.645,91","409,93M","0,18%"
"30.01.2025","38.669,76","38.694,30","38.711,54","38.534,55","588,58M","0,19%"
"29.01.2025","38.596,71","38.522,59","38.639,41","38.401,34","465,51M","0,61%"
"28.01.2025","38.363,83","38.462,64","38.716,73","38.346,27","927,17M","-0,10%"
"27.01.2025","38.401,30","38.311,20","38.547,21","38.103,13","508,77M","-0,04%"
"24.01.2025","38.418,00","38.527,79","38.696,44","38.335,00","581,49M","0,21%"
"23.01.2025","38.337,21","38.082,47","38.346,96","38.020,87","473,72M","0,66%"
"22.01.2025","38.084,28","38.312,37","38.439,90","38.051,45","607,16M","-0,49%"
"21.01.2025","38.273,20","38.278,34","38.326,69","38.130,07","432,88M","-0,17%"
"20.01.2025","38.338,47","38.446,97","38.555,18","38.292,50","713,48M","-0,33%"
"17.01.2025","38.466,57","38.113,67","38.510,25","38.107,85","546,69M","1,26%"
"16.01.2025","37.986,89","38.043,79","38.165,03","37.932,74","533,54M","0,52%"
"15.01.2025","37.788,78","37.359,70","37.840,09","37.307,78","641,66M","1,46%"
"14.01.2025","37.245,28","37.162,77","37.349,07","37.124,59","627,11M","0,85%"
"13.01.2025","36.930,26","37.120,86","37.154,39","36.753,59","405,90M","-0,84%"
"10.01.2025","37.244,02","37.556,18","37.604,60","37.244,02","573,79M","-0,67%"
"09.01.2025","37.494,68","37.147,78","37.571,41","37.038,13","406,07M","0,53%"
"08.01.2025","37.296,47","37.147,83","37.464,73","37.031,95","561,83M","0,37%"
"07.01.2025","37.157,56","36.946,32","37.161,09","36.574,76","552,14M","0,43%"
"06.01.2025","36.997,46","36.472,17","36.997,46","36.383,30","420,58M","1,83%"
"03.01.2025","36.333,80","36.590,44","36.590,44","36.267,72","370,98M","-0,71%"
"02.01.2025","36.592,64","36.559,19","36.665,45","35.991,45","404,05M","0,55%"
"30.12.2024","36.390,81","36.268,49","36.539,39","36.166,31","295,91M","0,07%"
"27.12.2024","36.365,67","36.006,72","36.365,74","35.814,88","337,58M","1,24%"
"23.12.2024","35.920,89","35.839,27","36.032,65","35.720,13","355,32M","-0,11%"
"20.12.2024","35.958,76","35.681,09","35.974,42","35.427,87","912,36M","0,00%"
"19.12.2024","35.957,18","36.216,37","36.359,31","35.881,56","1,03B","-1,78%"
"18.12.2024","36.609,40","36.524,33","36.718,79","36.409,86","622,05M","0,25%"
"17.12.2024","36.516,93","36.692,67","36.810,18","36.449,42","1,23B","-1,19%"
"16.12.2024","36.955,31","37.130,73","37.219,28","36.875,03","865,36M","-0,44%"
"13.12.2024","37.119,57","37.140,93","37.237,05","37.048,63","760,10M","0,09%"
"12.12.2024","37.087,60","37.085,59","37.200,52","37.067,61","577,87M","0,31%"
"11.12.2024","36.974,18","36.778,29","36.987,49","36.759,79","619,37M","0,61%"
"10.12.2024","36.749,82","36.758,27","36.839,06","36.610,33","474,17M","-0,06%"
"09.12.2024","36.773,02","37.168,79","37.180,09","36.769,38","476,86M","-0,50%"
"06.12.2024","36.958,47","36.858,80","37.095,10","36.858,80","527,95M","0,35%"
"05.12.2024","36.829,64","36.307,11","36.851,38","36.307,11","594,49M","1,55%"
"04.12.2024","36.268,70","36.106,95","36.445,66","36.106,95","493,19M","0,77%"
"03.12.2024","35.992,89","35.775,26","36.120,33","35.774,19","454,54M","0,99%"
"02.12.2024","35.638,39","35.413,67","35.750,88","35.268,65","464,07M","0,15%"
"29.11.2024","35.585,85","35.325,14","35.592,17","35.272,66","415,02M","0,45%"
"28.11.2024","35.427,69","35.393,11","35.526,04","35.310,66","326,26M","0,52%"
"27.11.2024","35.243,38","35.159,97","35.243,39","34.864,88","378,05M","-0,24%"
"26.11.2024","35.327,99","35.411,42","35.559,28","35.152,58","491,25M","-0,78%"
"25.11.2024","35.604,13","35.830,85","35.868,60","35.456,78","888,24M","-0,12%"
"22.11.2024","35.646,03","35.645,22","35.681,16","35.106,21","504,19M","0,59%"
"21.11.2024","35.435,98","35.408,80","35.468,09","34.997,44","460,35M","0,17%"
"20.11.2024","35.375,34","35.676,46","35.688,16","35.275,98","375,71M","-0,24%"
"19.11.2024","35.461,91","35.938,62","35.980,33","34.913,66","579,23M","-1,23%"
"18.11.2024","35.904,27","36.032,24","36.032,24","35.630,86","476,36M","-1,16%"
"15.11.2024","36.325,88","36.409,46","36.610,75","36.285,19","509,43M","-0,50%"
"14.11.2024","36.507,54","35.944,82","36.512,97","35.873,33","945,54M","1,87%"
"13.11.2024","35.836,77","35.705,42","35.996,53","35.590,21","475,55M","0,28%"
"12.11.2024","35.738,42","36.240,19","36.316,27","35.738,42","586,57M","-2,12%"
"11.11.2024","36.512,55","36.250,47","36.551,81","36.205,55","439,28M","1,51%"
"08.11.2024","35.970,37","36.146,73","36.146,73","35.744,82","530,43M","-0,46%"
"07.11.2024","36.135,77","36.191,92","36.497,03","36.073,84","573,21M","0,31%"
"06.11.2024","36.023,24","36.720,71","37.088,62","35.911,25","667,07M","-1,46%"
"05.11.2024","36.558,49","36.621,08","36.786,73","36.437,17","380,81M","-0,15%"
"04.11.2024","36.612,65","36.761,03","36.916,74","36.612,65","384,66M","-0,43%"
"01.11.2024","36.769,76","36.414,91","36.861,61","36.391,47","352,21M","1,07%"
"31.10.2024","36.379,90","36.307,29","36.569,39","36.170,77","483,73M","-0,66%"
"30.10.2024","36.619,89","36.890,50","36.899,72","36.473,98","457,46M","-1,16%"
"29.10.2024","37.048,50","37.266,63","37.382,43","37.030,14","385,86M","-0,28%"
"28.10.2024","37.150,71","37.085,60","37.165,35","36.835,49","363,43M","0,68%"
"25.10.2024","36.900,48","36.863,77","37.023,15","36.769,62","391,19M","0,18%"
"24.10.2024","36.833,53","36.908,42","37.160,03","36.833,53","418,41M","0,03%"
"23.10.2024","36.822,26","36.815,98","36.964,65","36.755,88","542,71M","-0,13%"
"22.10.2024","36.869,59","37.081,41","37.081,41","36.646,80","391,39M","-0,61%"
"21.10.2024","37.097,05","37.352,21","37.451,38","37.097,05","389,90M","-0,73%"
"18.10.2024","37.370,09","37.188,32","37.370,09","37.168,01","497,65M","0,48%"
"17.10.2024","37.191,23","36.927,56","37.303,82","36.927,56","516,95M","1,03%"
"16.10.2024","36.810,64","36.580,68","36.878,70","36.564,98","495,39M","0,20%"
"15.10.2024","36.738,45","36.889,60","37.038,03","36.700,82","532,18M","-0,25%"
"14.10.2024","36.832,15","36.564,97","36.840,74","36.479,57","441,49M","1,03%"
"11.10.2024","36.455,15","36.213,66","36.457,89","36.121,20","676,34M","0,68%"
"10.10.2024","36.209,77","36.082,18","36.236,82","36.035,22","463,34M","0,36%"
"09.10.2024","36.081,40","35.885,36","36.081,48","35.742,61","385,22M","0,58%"
"08.10.2024","35.872,04","35.783,53","36.019,14","35.631,98","371,24M","-0,23%"
"07.10.2024","35.954,25","35.864,19","35.983,39","35.572,37","426,73M","0,60%"
"04.10.2024","35.739,29","35.314,07","35.810,81","35.314,07","565,78M","1,28%"
"03.10.2024","35.286,34","35.727,30","35.785,59","35.253,91","712,28M","-1,50%"
"02.10.2024","35.822,19","35.882,46","36.123,71","35.643,20","453,38M","-0,28%"
"01.10.2024","35.922,90","36.402,08","36.417,67","35.850,16","528,00M","-1,02%"
"30.09.2024","36.293,01","36.773,64","36.795,48","36.250,10","544,72M","-1,66%"
"27.09.2024","36.904,65","36.570,54","36.916,18","36.531,84","445,94M","0,89%"
"26.09.2024","36.580,60","36.229,23","36.614,76","36.229,23","580,48M","1,69%"
"25.09.2024","35.972,54","35.889,51","36.118,32","35.835,83","366,92M","-0,10%"
"24.09.2024","36.009,61","36.012,84","36.084,66","35.890,65","404,19M","0,57%"
"23.09.2024","35.806,66","35.881,11","35.916,41","35.614,11","413,95M","-0,21%"
"20.09.2024","35.883,30","36.057,97","36.138,16","35.855,76","996,71M","-0,89%"
"19.09.2024","36.206,34","36.115,25","36.206,34","35.910,34","674,33M","1,20%"
"18.09.2024","35.776,95","35.916,90","35.973,65","35.735,17","642,93M","-0,34%"
"17.09.2024","35.899,93","35.804,51","36.056,69","35.787,59","583,60M","0,60%"
"16.09.2024","35.685,11","35.544,86","35.850,33","35.536,01","","-0,02%"
"13.09.2024","35.692,83","35.600,21","35.806,43","35.555,86","549,08M","0,40%"
"12.09.2024","35.551,71","35.633,15","35.708,55","35.268,61","815,39M","0,83%"
"11.09.2024","35.258,86","35.304,61","35.525,01","35.064,19","381,74M","-0,15%"
"10.09.2024","35.312,52","35.649,98","35.845,07","35.258,82","465,69M","-1,07%"
"09.09.2024","35.693,27","35.527,92","35.806,04","35.523,32","319,59M","0,88%"
"06.09.2024","35.381,74","35.729,79","35.963,59","35.337,03","493,42M","-1,18%"
"05.09.2024","35.803,30","35.722,24","35.977,33","35.695,49","398,36M","-0,06%"
"04.09.2024","35.823,33","35.517,62","35.939,88","35.511,38","368,11M","-0,51%"
"03.09.2024","36.007,04","36.545,51","36.608,17","35.947,60","456,42M","-1,36%"
"02.09.2024","36.503,04","36.613,79","36.638,76","36.364,39","307,43M","-0,23%"
"30.08.2024","36.587,94","36.455,00","36.649,73","36.445,49","490,01M","0,56%"
"29.08.2024","36.385,21","36.093,53","36.385,21","36.092,11","378,56M","0,88%"
"28.08.2024","36.066,45","36.011,65","36.150,71","35.995,41","329,84M","0,30%"
"27.08.2024","35.957,08","35.834,51","36.017,33","35.809,97","421,07M","0,48%"
"26.08.2024","35.784,87","35.815,94","35.884,48","35.724,20","411,12M","-0,14%"
"23.08.2024","35.835,78","35.587,23","35.877,41","35.578,86","285,59M","1,04%"
"22.08.2024","35.468,12","35.467,69","35.598,28","35.440,47","323,47M","-0,01%"
"21.08.2024","35.471,73","35.255,01","35.535,68","35.255,01","312,07M","0,72%"
"20.08.2024","35.217,45","35.496,57","35.617,03","35.212,80","348,60M","-0,56%"
"19.08.2024","35.417,11","35.196,47","35.516,40","35.196,47","501,12M","0,67%"
"16.08.2024","35.181,16","35.125,34","35.254,58","34.964,12","440,00M","2,10%"
"14.08.2024","34.457,17","34.303,67","34.473,73","34.268,80","319,63M","0,99%"
"13.08.2024","34.117,86","34.193,12","34.207,85","33.884,67","338,10M","0,24%"
"12.08.2024","34.037,54","33.998,45","34.183,43","33.919,18","268,12M","0,45%"
"09.08.2024","33.885,80","33.920,84","34.172,90","33.732,49","317,44M","0,15%"
"08.08.2024","33.835,90","33.659,46","33.878,33","33.379,56","424,48M","-0,32%"
"07.08.2024","33.943,28","33.460,53","34.030,64","33.329,70","530,58M","2,22%"
"06.08.2024","33.204,90","33.560,70","33.650,67","32.950,86","521,59M","-0,53%"
"05.08.2024","33.382,67","33.505,30","33.505,30","32.718,83","855,76M","-2,25%"
"02.08.2024","34.151,72","34.368,66","34.681,37","34.046,76","719,12M","-2,47%"
"01.08.2024","35.018,30","35.810,96","35.816,85","34.953,81","656,14M","-2,62%"
"31.07.2024","35.961,65","36.246,65","36.276,39","35.881,96","451,56M","-0,42%"
"30.07.2024","36.112,64","35.917,38","36.263,33","35.865,85","485,51M","0,76%"
"29.07.2024","35.838,93","36.249,28","36.289,15","35.778,10","329,77M","-0,54%"
"26.07.2024","36.035,27","35.929,53","36.094,45","35.881,31","376,94M","0,17%"
"25.07.2024","35.973,76","36.456,06","36.480,34","35.692,37","531,71M","-1,96%"
"24.07.2024","36.694,48","36.691,71","36.795,51","36.403,23","476,08M","-0,51%"
"23.07.2024","36.881,64","36.957,70","37.113,39","36.789,88","712,96M","0,04%"
"22.07.2024","36.865,46","36.539,48","36.965,43","36.539,48","652,04M","1,10%"
"19.07.2024","36.463,53","36.642,02","36.676,48","36.432,53","404,54M","-0,91%"
"18.07.2024","36.796,76","36.726,25","37.039,99","36.592,19","468,42M","0,44%"
"17.07.2024","36.636,26","36.599,99","36.735,98","36.424,22","366,24M","0,00%"
"16.07.2024","36.635,64","36.466,05","36.687,82","36.286,56","324,66M","0,01%"
"15.07.2024","36.630,93","36.784,97","36.829,76","36.594,45","340,84M","-0,61%"
"12.07.2024","36.855,68","36.699,77","36.904,23","36.644,78","427,63M","0,77%"
"11.07.2024","36.572,27","36.657,58","36.715,21","36.457,59","463,22M","0,10%"
"10.07.2024","36.535,50","36.210,03","36.535,61","36.081,75","562,93M","1,24%"
"09.07.2024","36.089,23","36.244,72","36.371,51","36.018,05","352,22M","-0,53%"
"08.07.2024","36.281,46","36.178,11","36.679,56","36.108,58","415,62M","0,15%"
"05.07.2024","36.225,52","36.429,27","36.560,81","36.037,39","404,66M","-0,27%"
"04.07.2024","36.325,06","36.189,08","36.345,62","36.174,60","322,40M","0,74%"
"03.07.2024","36.056,74","35.863,26","36.177,44","35.806,93","461,42M","1,11%"
"02.07.2024","35.660,91","35.738,39","35.755,46","35.428,14","439,24M","-0,67%"
"01.07.2024","35.900,24","35.933,48","36.040,74","35.718,63","444,58M","1,59%"
"28.06.2024","35.339,61","35.517,77","35.573,75","35.229,16","417,41M","-0,11%"
"27.06.2024","35.378,17","35.739,45","35.794,28","35.355,21","370,14M","-0,95%"
"26.06.2024","35.718,21","36.020,73","36.030,86","35.548,47","436,94M","-0,52%"
"25.06.2024","35.906,44","35.927,19","36.047,03","35.830,59","378,26M","-0,44%"
"24.06.2024","36.065,97","35.566,78","36.091,07","35.566,78","424,20M","1,56%"
"21.06.2024","35.511,25","35.695,31","35.766,51","35.332,00","855,16M","-1,07%"
"20.06.2024","35.896,12","35.427,06","35.928,41","35.410,99","407,24M","1,39%"
"19.06.2024","35.404,92","35.557,70","35.701,36","35.401,13","359,49M","-0,32%"
"18.06.2024","35.519,33","35.410,63","35.539,74","35.273,22","424,44M","1,23%"
"17.06.2024","35.087,69","35.086,74","35.288,52","34.757,13","411,49M","0,73%"
"14.06.2024","34.832,69","35.773,07","35.781,85","34.631,90","789,64M","-2,69%"
"13.06.2024","35.796,29","36.537,46","36.537,46","35.749,86","584,32M","-2,15%"
"12.06.2024","36.583,60","36.241,72","36.611,58","36.190,48","601,48M","1,43%"
"11.06.2024","36.069,04","36.843,81","36.864,73","35.933,79","610,04M","-1,91%"
"10.06.2024","36.770,97","36.648,46","36.770,97","36.459,91","447,69M","-0,31%"
"07.06.2024","36.884,93","37.191,58","37.191,58","36.681,01","410,16M","-0,46%"
"06.06.2024","37.056,48","36.920,89","37.083,17","36.735,43","524,63M","0,89%"
"05.06.2024","36.729,47","36.640,72","36.954,49","36.608,72","510,80M","0,68%"
"04.06.2024","36.481,95","36.826,48","36.826,48","36.370,31","611,04M","-1,09%"
"03.06.2024","36.883,73","37.023,20","37.076,18","36.825,20","909,19M","0,49%"
"31.05.2024","36.703,78","36.741,62","36.757,47","36.528,73","1,12B","0,11%"
"30.05.2024","36.663,03","36.203,84","36.685,95","36.203,84","1,26B","0,90%"
"29.05.2024","36.336,56","36.825,53","36.857,08","36.269,70","507,57M","-1,49%"
"28.05.2024","36.888,03","37.098,44","37.110,54","36.766,49","443,63M","-0,29%"
"27.05.2024","36.993,81","36.702,72","36.993,81","36.665,80","408,52M","0,82%"
"24.05.2024","36.694,20","36.438,56","36.730,05","36.244,52","596,12M","0,07%"
"23.05.2024","36.669,67","36.723,97","36.861,07","36.590,24","672,83M","0,01%"
"22.05.2024","36.666,97","36.761,42","36.778,34","36.606,45","535,17M","-0,38%"
"21.05.2024","36.805,98","36.922,08","36.922,08","36.562,57","581,46M","-0,62%"
"20.05.2024","37.036,09","37.232,33","37.321,49","37.019,07","612,07M","-1,55%"
"17.05.2024","37.618,10","37.625,78","37.672,53","37.547,64","671,17M","-0,04%"
"16.05.2024","37.632,20","37.632,78","37.697,40","37.543,23","566,33M","0,10%"
"15.05.2024","37.595,57","37.519,79","37.600,47","37.400,58","822,79M","0,60%"
"14.05.2024","37.371,55","37.017,53","37.406,77","37.009,82","780,32M","0,94%"
"13.05.2024","37.022,01","36.864,26","37.046,50","36.840,16","588,23M","0,43%"
"10.05.2024","36.862,45","36.746,58","36.955,71","36.741,71","586,61M","0,80%"
"09.05.2024","36.569,07","36.425,06","36.569,07","36.210,77","540,36M","0,50%"
"08.05.2024","36.388,15","36.518,78","36.528,26","36.208,02","515,08M","-0,26%"
"07.05.2024","36.481,54","36.397,62","36.607,75","36.285,02","531,02M","0,78%"
"06.05.2024","36.199,53","35.979,41","36.260,93","35.898,91","390,08M","1,02%"
"03.05.2024","35.832,75","36.088,99","36.134,51","35.769,07","723,39M","-0,27%"
"02.05.2024","35.930,73","35.960,63","36.180,51","35.890,27","541,09M","-0,03%"
"30.04.2024","35.940,40","36.526,40","36.550,47","35.938,94","528,14M","-1,53%"
"29.04.2024","36.497,44","36.566,84","36.593,76","36.371,57","499,81M","0,22%"
"26.04.2024","36.417,53","36.323,87","36.520,21","36.195,24","486,23M","0,97%"
"25.04.2024","36.068,21","36.340,24","36.456,01","35.857,42","481,04M","-0,93%"
"24.04.2024","36.405,64","36.643,18","36.656,03","36.326,80","601,89M","-0,25%"
"23.04.2024","36.496,29","35.985,43","36.511,20","35.977,20","961,06M","1,87%"
"22.04.2024","35.827,16","35.817,89","35.929,22","35.541,41","539,73M","-0,54%"
"19.04.2024","36.022,62","35.711,34","36.036,59","35.566,34","554,24M","0,04%"
"18.04.2024","36.008,03","35.863,32","36.008,03","35.691,34","518,09M","0,71%"
"17.04.2024","35.755,00","35.558,45","35.949,15","35.518,33","474,60M","0,65%"
"16.04.2024","35.524,88","35.562,36","35.735,63","35.439,00","518,03M","-1,62%"
"15.04.2024","36.110,68","36.131,08","36.453,09","36.049,04","527,42M","0,53%"
"12.04.2024","35.921,41","36.178,52","36.320,28","35.799,99","524,46M","0,10%"
"11.04.2024","35.887,27","36.204,60","36.290,14","35.692,68","554,78M","-0,92%"
"10.04.2024","36.222,07","36.345,93","36.436,75","35.884,01","696,99M","0,23%"
"09.04.2024","36.138,41","36.487,86","36.487,86","36.069,21","568,65M","-1,07%"
"08.04.2024","36.527,45","36.233,21","36.527,66","36.208,62","462,26M","0,86%"
"05.04.2024","36.214,23","36.254,17","36.258,11","36.003,04","606,93M","-1,24%"
"04.04.2024","36.669,30","36.690,40","36.791,14","36.623,95","590,02M","-0,05%"
"03.04.2024","36.688,57","36.577,47","36.688,57","36.461,79","668,45M","0,49%"
"02.04.2024","36.508,69","37.042,73","37.126,24","36.508,69","668,14M","-1,22%"
"28.03.2024","36.960,87","37.027,15","37.076,27","36.942,55","562,99M","-0,03%"
"27.03.2024","36.973,68","36.900,09","37.035,48","36.866,55","730,22M","0,23%"
"26.03.2024","36.888,79","36.870,79","36.993,37","36.852,87","696,13M","0,16%"
"25.03.2024","36.831,25","36.577,64","36.858,46","36.577,64","663,99M","0,80%"
"22.03.2024","36.537,26","36.386,85","36.582,30","36.364,49","811,93M","0,07%"
"21.03.2024","36.512,23","36.760,95","36.762,52","36.476,30","765,74M","0,17%"
"20.03.2024","36.450,04","36.399,70","36.460,15","36.329,00","764,60M","0,10%"
"19.03.2024","36.414,57","36.093,22","36.418,80","36.023,47","554,75M","0,88%"
"18.03.2024","36.096,92","36.155,36","36.300,37","36.016,19","621,21M","0,02%"
"15.03.2024","36.089,08","35.934,63","36.190,60","35.909,28","1,42B","0,43%"
"14.03.2024","35.934,73","36.106,38","36.177,01","35.883,26","1,05B","-0,29%"
"13.03.2024","36.040,33","35.959,55","36.162,64","35.931,04","965,10M","0,39%"
"12.03.2024","35.900,83","35.547,12","35.925,61","35.468,87","1,05B","1,31%"
"11.03.2024","35.435,55","35.311,68","35.444,58","35.239,72","1,58B","-0,29%"
"08.03.2024","35.537,23","35.604,58","35.652,41","35.528,22","1,76B","-0,06%"
"07.03.2024","35.557,17","35.407,33","35.626,99","35.328,45","2,59B","0,17%"
"06.03.2024","35.496,91","35.261,39","35.529,01","35.260,10","831,74M","0,67%"
"05.03.2024","35.259,82","34.995,45","35.304,41","34.962,15","690,72M","0,63%"
"04.03.2024","35.038,10","35.028,14","35.073,26","34.943,53","593,18M","-0,04%"
"01.03.2024","35.051,53","34.892,98","35.081,61","34.863,46","844,26M","1,02%"
"29.02.2024","34.696,29","34.760,78","34.909,90","34.696,29","993,96M","-0,13%"
"28.02.2024","34.741,13","34.788,99","34.789,20","34.678,25","484,36M","-0,31%"
"27.02.2024","34.850,49","34.720,75","34.864,41","34.643,98","557,49M","0,40%"
"26.02.2024","34.710,99","34.833,18","34.853,16","34.696,69","560,71M","-0,36%"
"23.02.2024","34.837,80","34.573,43","34.841,81","34.573,43","587,07M","1,00%"
"22.02.2024","34.493,37","34.432,66","34.612,92","34.325,13","669,59M","1,03%"
"21.02.2024","34.142,97","33.879,97","34.151,23","33.870,91","501,84M","0,94%"
"20.02.2024","33.823,43","33.781,43","33.902,43","33.744,89","470,00M","0,04%"
"19.02.2024","33.809,75","33.793,90","33.842,15","33.711,52","699,69M","-0,16%"
"16.02.2024","33.864,45","33.995,28","34.069,10","33.829,08","614,80M","0,17%"
"15.02.2024","33.807,41","33.618,06","33.811,16","33.618,06","622,63M","1,03%"
"14.02.2024","33.462,01","33.252,52","33.507,96","33.221,41","577,38M","0,61%"
"13.02.2024","33.257,64","33.615,51","33.615,51","33.216,75","558,94M","-1,02%"
"12.02.2024","33.599,54","33.441,82","33.610,64","33.408,92","588,66M","0,96%"
"09.02.2024","33.279,93","33.251,52","33.347,59","33.180,69","556,84M","0,24%"
"08.02.2024","33.199,22","33.223,81","33.322,72","33.137,05","532,41M","0,24%"
"07.02.2024","33.118,97","33.323,58","33.361,31","33.086,71","632,76M","-0,43%"
"06.02.2024","33.261,15","33.274,80","33.300,18","33.110,59","653,91M","0,54%"
"05.02.2024","33.081,25","32.939,83","33.227,31","32.924,18","660,26M","0,66%"
"02.02.2024","32.864,55","33.049,08","33.075,55","32.831,90","580,01M","0,07%"
"01.02.2024","32.841,12","32.809,29","33.028,22","32.713,08","579,45M","-0,23%"
"31.01.2024","32.917,53","32.835,85","33.092,58","32.787,95","684,30M","0,40%"
"30.01.2024","32.787,15","32.541,77","32.800,25","32.402,48","858,45M","1,19%"
"29.01.2024","32.401,61","32.566,54","32.577,09","32.259,32","536,69M","-0,47%"
"26.01.2024","32.555,41","32.377,16","32.596,79","32.336,02","486,93M","0,69%"
"25.01.2024","32.331,28","32.362,08","32.409,32","32.149,17","515,35M","-0,48%"
"24.01.2024","32.485,62","32.334,54","32.485,62","32.272,56","547,70M","0,86%"
"23.01.2024","32.209,20","32.406,10","32.410,26","32.073,41","499,44M","-0,28%"
"22.01.2024","32.298,53","32.484,04","32.551,92","32.193,14","488,53M","-0,20%"
"19.01.2024","32.362,30","32.622,23","32.622,23","32.314,88","505,26M","-0,22%"
"18.01.2024","32.434,97","32.237,25","32.547,91","32.168,13","611,09M","0,75%"
"17.01.2024","32.192,59","32.208,86","32.265,20","32.006,16","716,17M","-0,76%"
"16.01.2024","32.440,65","32.243,90","32.445,32","32.090,86","490,27M","0,03%"
"15.01.2024","32.430,49","32.635,28","32.640,09","32.371,38","418,70M","-0,46%"
"12.01.2024","32.579,92","32.487,90","32.697,88","32.473,71","470,45M","0,75%"
"11.01.2024","32.335,84","32.711,56","32.828,39","32.335,84","504,82M","-0,66%"
"10.01.2024","32.550,76","32.586,47","32.680,24","32.430,01","481,56M","0,08%"
"09.01.2024","32.523,34","32.719,90","32.753,45","32.422,91","501,91M","-0,45%"
"08.01.2024","32.669,77","32.452,63","32.670,02","32.258,82","453,16M","0,48%"
"05.01.2024","32.512,16","32.294,52","32.589,16","32.202,91","573,36M","0,09%"
"04.01.2024","32.484,29","32.237,83","32.489,67","32.194,96","615,00M","1,00%"
"03.01.2024","32.162,16","32.630,15","32.666,22","32.072,86","624,86M","-1,45%"
"02.01.2024","32.634,01","32.651,16","32.999,11","32.434,34","607,46M","0,48%"
"29.12.2023","32.479,11","32.508,51","32.613,90","32.445,00","371,89M","0,05%"
"28.12.2023","32.463,42","32.642,32","32.660,68","32.460,28","358,94M","-0,28%"
"27.12.2023","32.556,14","32.537,02","32.647,42","32.451,18","443,44M","0,27%"
"22.12.2023","32.470,04","32.380,33","32.506,29","32.319,81","566,08M","0,26%"
"21.12.2023","32.384,39","32.317,33","32.408,32","32.246,36","533,28M","-0,25%"
"20.12.2023","32.466,58","32.546,35","32.554,30","32.290,32","788,71M","0,04%"
"19.12.2023","32.453,44","32.304,51","32.469,52","32.274,95","583,20M","0,52%"
"18.12.2023","32.283,98","32.341,20","32.406,51","32.248,00","587,01M","-0,49%"
"15.12.2023","32.442,02","32.563,79","32.661,04","32.362,66","1,17B","0,09%"
"14.12.2023","32.413,83","32.601,73","32.666,19","32.196,10","948,55M","0,42%"
"13.12.2023","32.277,05","32.338,73","32.448,35","32.277,05","548,93M","-0,15%"
"12.12.2023","32.325,89","32.492,76","32.560,59","32.325,89","524,52M","-0,27%"
"11.12.2023","32.414,07","32.404,12","32.451,35","32.288,50","399,94M","0,07%"
"08.12.2023","32.390,28","32.113,09","32.413,23","32.024,37","397,25M","0,93%"
"07.12.2023","32.091,45","32.259,31","32.297,87","32.022,28","523,32M","-0,62%"
"06.12.2023","32.292,52","32.169,05","32.417,69","32.099,75","506,70M","0,80%"
"05.12.2023","32.037,29","31.847,76","32.045,87","31.836,98","499,22M","0,57%"
"04.12.2023","31.857,21","31.892,00","31.938,09","31.794,31","509,26M","-0,12%"
"01.12.2023","31.894,25","31.798,91","31.910,98","31.718,03","467,18M","0,63%"
"30.11.2023","31.694,09","31.752,82","31.830,93","31.594,82","966,18M","0,16%"
"29.11.2023","31.644,51","31.365,94","31.687,55","31.363,59","655,63M","1,00%"
"28.11.2023","31.331,88","31.265,22","31.331,88","31.123,57","363,27M","0,13%"
"27.11.2023","31.290,74","31.383,60","31.429,09","31.214,27","450,27M","-0,31%"
"24.11.2023","31.388,17","31.224,74","31.395,88","31.135,73","351,77M","0,66%"
"23.11.2023","31.182,27","31.174,15","31.222,17","31.031,00","320,30M","0,24%"
"22.11.2023","31.107,00","31.188,45","31.322,08","31.050,18","352,83M","0,02%"
"21.11.2023","31.100,53","31.466,85","31.500,53","31.100,53","526,26M","-1,27%"
"20.11.2023","31.500,77","31.409,84","31.534,66","31.380,25","445,71M","0,17%"
"17.11.2023","31.447,02","31.252,75","31.500,36","31.252,75","510,24M","0,82%"
"16.11.2023","31.190,28","31.410,49","31.521,99","31.190,28","533,84M","-0,74%"
"15.11.2023","31.423,53","31.345,68","31.541,82","31.340,93","567,52M","0,37%"
"14.11.2023","31.307,35","30.930,85","31.370,20","30.896,71","650,86M","1,51%"
"13.11.2023","30.840,46","30.539,61","30.840,46","30.539,61","594,40M","1,40%"
"10.11.2023","30.414,14","30.471,55","30.492,82","30.292,31","429,82M","-0,52%"
"09.11.2023","30.572,34","30.336,87","30.620,56","30.275,55","496,78M","0,81%"
"08.11.2023","30.326,27","30.200,16","30.541,34","30.063,49","478,28M","0,20%"
"07.11.2023","30.264,46","30.330,07","30.556,28","30.198,30","418,86M","-0,62%"
"06.11.2023","30.451,86","30.676,52","30.688,21","30.406,77","792,94M","-0,35%"
"03.11.2023","30.560,00","30.461,17","30.622,35","30.372,04","655,72M","0,78%"
"02.11.2023","30.324,68","30.007,94","30.422,43","29.989,86","625,67M","1,84%"
"01.11.2023","29.777,94","29.624,42","29.865,59","29.450,12","494,45M","0,87%"
"31.10.2023","29.520,91","29.192,93","29.566,57","29.157,93","523,62M","1,46%"
"30.10.2023","29.095,97","29.150,81","29.319,65","29.063,09","547,74M","0,23%"
"27.10.2023","29.028,64","29.375,77","29.441,71","28.967,48","440,41M","-0,72%"
"26.10.2023","29.238,32","28.988,45","29.323,11","28.823,96","681,33M","0,21%"
"25.10.2023","29.176,34","29.270,90","29.288,19","28.982,29","647,43M","-0,59%"
"24.10.2023","29.348,32","29.351,86","29.457,10","29.070,11","533,43M","0,05%"
"23.10.2023","29.332,43","29.235,65","29.372,12","28.962,43","594,23M","0,67%"
"20.10.2023","29.137,96","29.367,67","29.431,28","29.128,18","551,87M","-1,39%"
"19.10.2023","29.547,21","29.801,08","29.801,08","29.515,78","457,78M","-1,23%"
"18.10.2023","29.914,41","30.154,41","30.307,61","29.885,29","698,86M","-0,85%"
"17.10.2023","30.170,68","30.154,18","30.326,93","29.933,18","666,00M","-0,06%"
"16.10.2023","30.187,91","30.135,34","30.263,51","29.862,83","1,01B","0,49%"
"13.10.2023","30.040,05","30.273,46","30.365,08","30.013,94","656,13M","-0,97%"
"12.10.2023","30.333,53","30.423,74","30.605,35","30.295,18","524,75M","0,25%"
"11.10.2023","30.256,89","30.003,07","30.426,23","30.003,07","519,06M","0,31%"
"10.10.2023","30.164,07","29.760,64","30.208,04","29.760,64","584,42M","2,27%"
"09.10.2023","29.494,45","29.543,37","29.660,78","29.287,96","590,06M","-0,52%"
"06.10.2023","29.649,13","29.439,51","29.674,52","29.263,16","820,39M","1,12%"
"05.10.2023","29.320,68","29.353,81","29.463,10","29.156,62","550,93M","0,18%"
"04.10.2023","29.268,12","29.185,73","29.420,14","28.974,45","513,62M","-0,19%"
"03.10.2023","29.324,74","29.568,35","29.804,76","29.288,60","493,01M","-1,30%"
"02.10.2023","29.711,43","30.107,15","30.174,50","29.637,58","457,03M","-1,31%"
"29.09.2023","30.107,15","30.155,36","30.380,61","30.049,53","455,53M","0,38%"
"28.09.2023","29.993,94","29.849,60","30.009,62","29.641,64","602,76M","0,53%"
"27.09.2023","29.837,16","29.928,06","30.047,63","29.755,63","423,03M","-0,27%"
"26.09.2023","29.918,23","30.116,32","30.124,03","29.827,58","462,25M","-1,03%"
"25.09.2023","30.230,58","30.407,31","30.555,28","29.965,11","541,85M","-0,75%"
"22.09.2023","30.458,24","30.418,25","30.582,08","30.363,47","608,21M","-0,45%"
"21.09.2023","30.596,00","30.904,67","30.980,20","30.541,14","621,96M","-1,75%"
"20.09.2023","31.141,09","30.705,02","31.191,21","30.677,81","832,16M","1,53%"
"19.09.2023","30.671,72","30.445,30","30.715,30","30.426,61","571,17M","0,56%"
"18.09.2023","30.502,30","30.816,03","30.851,91","30.411,77","457,87M","-1,07%"
"15.09.2023","30.832,65","31.001,17","31.074,50","30.786,91","854,51M","0,05%"
"14.09.2023","30.817,79","30.367,64","30.863,20","30.252,48","685,31M","1,26%"
"13.09.2023","30.435,04","30.457,58","30.521,06","30.186,97","474,64M","-0,34%"
"12.09.2023","30.539,61","30.562,69","30.562,73","30.381,18","469,22M","0,14%"
"11.09.2023","30.496,45","30.408,94","30.522,74","30.323,30","564,17M","0,95%"
"08.09.2023","30.208,63","30.246,81","30.290,21","29.834,17","489,02M","0,25%"
"07.09.2023","30.134,62","30.085,65","30.289,11","29.989,10","445,42M","-0,20%"
"06.09.2023","30.194,81","30.568,58","30.647,96","30.194,80","594,82M","-1,53%"
"05.09.2023","30.664,17","30.543,51","30.761,06","30.471,64","425,57M","-0,02%"
"04.09.2023","30.671,07","30.834,57","30.927,93","30.631,58","602,99M","-0,02%"
"01.09.2023","30.676,29","30.849,42","30.986,85","30.654,05","487,49M","-0,61%"
"31.08.2023","30.864,93","30.957,80","31.072,62","30.864,84","597,92M","-0,23%"
"30.08.2023","30.934,78","30.981,77","31.125,64","30.868,79","448,14M","0,12%"
"29.08.2023","30.897,19","30.618,47","30.897,19","30.596,76","571,45M","1,19%"
"28.08.2023","30.534,32","30.397,96","30.608,87","30.360,00","434,03M","1,21%"
"25.08.2023","30.170,63","30.005,21","30.385,84","30.005,21","277,91M","0,45%"
"24.08.2023","30.036,90","30.459,57","30.518,30","30.036,90","330,06M","-0,55%"
"23.08.2023","30.203,17","30.244,89","30.359,38","30.104,17","319,20M","0,21%"
"22.08.2023","30.141,19","30.120,24","30.300,54","30.027,34","305,14M","0,60%"
"21.08.2023","29.962,34","29.838,76","30.226,63","29.838,76","384,20M","0,71%"
"18.08.2023","29.751,03","29.779,29","29.796,37","29.544,81","345,39M","-0,43%"
"17.08.2023","29.879,66","30.068,85","30.176,56","29.852,42","333,84M","-1,05%"
"16.08.2023","30.195,48","30.078,29","30.425,39","30.056,04","397,49M","-0,83%"
"14.08.2023","30.449,52","30.227,48","30.521,10","30.210,61","457,59M","0,54%"
"11.08.2023","30.287,14","30.456,61","30.492,78","30.253,90","648,26M","-1,00%"
"10.08.2023","30.593,45","30.483,67","30.700,59","30.452,53","698,44M","0,94%"
"09.08.2023","30.308,14","30.329,16","30.527,89","30.227,57","658,20M","1,24%"
"08.08.2023","29.936,73","30.367,02","30.425,13","29.764,36","890,56M","-2,01%"
"07.08.2023","30.549,80","30.574,20","30.702,73","30.337,28","363,64M","-0,19%"
"04.08.2023","30.606,53","30.778,76","30.814,47","30.505,71","445,44M","-0,37%"
"03.08.2023","30.720,81","30.844,71","30.847,50","30.481,45","566,38M","-0,89%"
"02.08.2023","30.996,67","31.046,53","31.210,75","30.818,70","458,15M","-1,21%"
"01.08.2023","31.375,26","31.675,61","31.781,20","31.292,86","554,28M","-0,96%"
"31.07.2023","31.678,51","31.542,24","31.740,39","31.526,64","547,39M","0,47%"
"28.07.2023","31.530,12","31.579,92","31.619,91","31.466,93","543,20M","-0,29%"
"27.07.2023","31.621,74","31.110,68","31.621,74","31.056,98","596,13M","2,07%"
"26.07.2023","30.980,56","31.101,11","31.143,61","30.773,86","470,43M","0,02%"
"25.07.2023","30.974,67","31.006,19","31.006,19","30.848,80","351,61M","0,16%"
"24.07.2023","30.925,42","30.695,84","30.927,80","30.667,65","357,41M","0,21%"
"21.07.2023","30.861,49","30.818,25","30.931,77","30.814,89","373,76M","0,10%"
"20.07.2023","30.829,55","30.663,71","30.880,17","30.663,71","428,86M","0,28%"
"19.07.2023","30.742,58","30.825,05","30.924,81","30.659,55","396,44M","0,05%"
"18.07.2023","30.726,79","30.628,38","30.743,54","30.554,91","314,42M","0,33%"
"17.07.2023","30.624,90","30.584,81","30.760,09","30.544,95","304,39M","-0,29%"
"14.07.2023","30.713,58","30.814,00","30.881,28","30.677,34","433,75M","-0,37%"
"13.07.2023","30.827,66","30.644,97","30.936,28","30.644,97","476,15M","0,69%"
"12.07.2023","30.615,08","30.238,59","30.660,04","30.222,40","511,25M","1,67%"
"11.07.2023","30.112,10","30.023,68","30.161,70","29.889,32","336,67M","0,65%"
"10.07.2023","29.916,17","29.751,55","30.033,29","29.660,05","319,81M","0,33%"
"07.07.2023","29.817,72","29.549,56","29.825,75","29.399,98","398,89M","0,99%"
"06.07.2023","29.524,98","30.036,37","30.082,23","29.443,99","547,35M","-2,47%"
"05.07.2023","30.271,57","30.327,68","30.459,91","30.240,22","444,29M","-0,56%"
"04.07.2023","30.440,79","30.551,03","30.601,98","30.440,62","418,20M","-0,19%"
"03.07.2023","30.498,46","30.444,09","30.598,60","30.438,06","457,66M","0,66%"
"30.06.2023","30.297,19","30.128,87","30.373,92","30.103,06","505,12M","1,06%"
"29.06.2023","29.980,29","29.722,28","30.013,32","29.703,18","447,31M","0,97%"
"28.06.2023","29.692,88","29.597,81","29.696,23","29.469,76","411,21M","0,86%"
"27.06.2023","29.440,81","29.445,97","29.487,34","29.217,92","407,20M","0,53%"
"26.06.2023","29.286,33","29.295,61","29.369,09","28.912,22","430,59M","0,05%"
"23.06.2023","29.272,47","29.333,08","29.391,28","29.174,95","445,66M","-0,70%"
"22.06.2023","29.479,97","29.434,14","29.575,50","29.152,45","579,86M","-0,70%"
"21.06.2023","29.687,10","29.694,40","29.820,34","29.641,49","415,54M","0,02%"
"20.06.2023","29.679,83","29.773,06","29.933,51","29.679,83","418,94M","-0,64%"
"19.06.2023","29.870,69","29.864,38","30.024,43","29.824,33","386,19M","-0,47%"
"16.06.2023","30.012,26","29.897,62","30.116,23","29.833,14","805,22M","0,48%"
"15.06.2023","29.870,14","29.883,19","29.942,53","29.686,29","449,06M","-0,34%"
"14.06.2023","29.971,11","29.749,18","30.130,24","29.736,76","602,81M","0,80%"
"13.06.2023","29.733,51","29.664,02","29.781,96","29.506,96","399,93M","0,60%"
"12.06.2023","29.557,50","29.390,25","29.607,42","29.360,12","476,22M","0,94%"
"09.06.2023","29.282,40","29.397,36","29.475,56","29.205,21","425,52M","-0,36%"
"08.06.2023","29.387,40","29.164,40","29.490,69","29.106,39","484,35M","0,77%"
"07.06.2023","29.162,07","29.119,37","29.162,07","28.875,79","419,12M","0,08%"
"06.06.2023","29.138,35","28.891,59","29.138,35","28.788,85","406,03M","0,62%"
"05.06.2023","28.958,54","29.224,58","29.224,58","28.826,84","383,90M","-0,77%"
"02.06.2023","29.182,78","28.839,48","29.219,48","28.730,48","382,55M","1,82%"
"01.06.2023","28.661,57","28.368,07","28.668,53","28.368,07","411,52M","1,89%"
"31.05.2023","28.128,77","28.462,22","28.611,21","28.075,15","935,39M","-1,83%"
"30.05.2023","28.654,48","28.665,41","28.899,18","28.599,12","370,79M","-0,18%"
"29.05.2023","28.706,96","28.974,80","28.975,12","28.589,51","311,70M","-0,37%"
"26.05.2023","28.812,17","28.589,02","28.859,50","28.253,04","515,17M","1,15%"
"25.05.2023","28.486,00","28.649,65","28.649,65","28.352,29","443,45M","-0,38%"
"24.05.2023","28.593,98","29.089,02","29.089,02","28.536,89","526,11M","-2,36%"
"23.05.2023","29.286,29","29.379,88","29.442,48","29.243,28","337,02M","-0,50%"
"22.05.2023","29.434,75","29.378,23","29.609,82","29.309,20","405,83M","-0,78%"
"19.05.2023","29.664,81","29.476,22","29.813,93","29.449,97","493,72M","1,01%"
"18.05.2023","29.367,67","29.533,49","29.730,13","29.367,67","478,47M","0,14%"
"17.05.2023","29.326,14","29.194,85","29.368,88","29.063,40","369,56M","-0,03%"
"16.05.2023","29.335,71","29.320,13","29.499,17","29.241,26","507,52M","-0,16%"
"15.05.2023","29.383,16","29.591,57","29.626,57","29.308,45","362,53M","-0,34%"
"12.05.2023","29.482,74","29.387,13","29.560,65","29.347,05","389,64M","0,85%"
"11.05.2023","29.233,10","29.453,05","29.502,30","29.023,76","530,78M","-0,54%"
"10.05.2023","29.391,97","29.588,35","29.627,37","29.303,52","640,43M","-0,48%"
"09.05.2023","29.532,80","29.606,25","29.641,35","29.347,34","412,54M","-0,20%"
"08.05.2023","29.593,05","29.533,94","29.632,99","29.478,53","405,40M","0,28%"
"05.05.2023","29.509,83","29.007,11","29.512,64","28.959,70","594,09M","2,45%"
"04.05.2023","28.805,36","28.913,56","28.935,87","28.627,85","458,06M","-0,62%"
"03.05.2023","28.985,78","28.927,38","29.160,43","28.921,22","513,11M","0,71%"
"02.05.2023","28.782,16","29.337,36","29.514,08","28.764,48","463,44M","-1,59%"
"28.04.2023","29.248,28","29.416,08","29.444,94","28.839,84","506,61M","-0,25%"
"27.04.2023","29.322,88","29.268,34","29.385,93","29.165,20","419,81M","0,21%"
"26.04.2023","29.262,51","29.254,85","29.318,26","28.995,88","512,65M","-0,51%"
"25.04.2023","29.412,88","29.564,75","29.564,75","29.328,35","431,14M","-1,00%"
"24.04.2023","29.708,85","29.586,33","29.769,72","29.557,42","448,12M","-0,73%"
"21.04.2023","29.927,63","29.795,71","29.937,01","29.642,45","773,13M","0,43%"
"20.04.2023","29.800,44","30.108,30","30.120,65","29.731,08","681,51M","-1,07%"
"19.04.2023","30.122,07","30.072,27","30.214,88","29.991,83","805,49M","0,10%"
"18.04.2023","30.092,22","30.049,34","30.211,97","29.927,49","440,81M","0,67%"
"17.04.2023","29.892,93","30.152,38","30.328,30","29.892,93","438,09M","-0,61%"
"14.04.2023","30.076,18","29.941,87","30.138,61","29.902,73","486,69M","0,83%"
"13.04.2023","29.829,25","29.871,53","29.890,18","29.699,72","454,59M","0,07%"
"12.04.2023","29.808,73","29.721,43","30.140,43","29.706,31","470,61M","0,32%"
"11.04.2023","29.712,86","29.625,09","29.712,86","29.544,55","439,13M","1,08%"
"06.04.2023","29.396,37","29.148,81","29.406,02","29.142,75","411,13M","1,17%"
"05.04.2023","29.057,40","29.220,45","29.281,44","28.968,07","458,31M","-0,57%"
"04.04.2023","29.223,34","29.456,46","29.557,66","29.208,20","506,00M","-0,55%"
"03.04.2023","29.384,15","29.387,96","29.516,89","29.356,09","499,61M","0,24%"
"31.03.2023","29.313,11","29.234,45","29.388,77","29.075,30","443,23M","0,33%"
"30.03.2023","29.216,73","29.061,54","29.299,75","29.039,88","433,17M","1,09%"
"29.03.2023","28.901,55","28.595,32","28.901,55","28.552,42","423,02M","1,56%"
"28.03.2023","28.458,63","28.630,40","28.643,38","28.285,71","398,39M","0,41%"
"27.03.2023","28.343,78","28.431,57","28.496,20","28.144,10","367,85M","1,09%"
"24.03.2023","28.037,03","28.469,97","28.486,76","27.856,80","623,70M","-2,16%"
"23.03.2023","28.655,61","28.615,94","28.774,33","28.406,93","486,49M","-0,11%"
"22.03.2023","28.686,08","28.713,52","28.849,62","28.623,57","447,63M","-0,20%"
"21.03.2023","28.742,35","28.355,37","28.892,06","28.342,76","654,55M","2,45%"
"20.03.2023","28.053,83","27.357,40","28.158,99","26.825,26","838,87M","1,62%"
"17.03.2023","27.606,44","28.305,06","28.531,68","27.445,91","1,22B","-1,64%"
"16.03.2023","28.066,39","28.120,01","28.318,88","27.434,53","774,11M","1,40%"
"15.03.2023","27.679,15","28.874,50","29.033,76","27.635,58","946,23M","-4,48%"
"14.03.2023","28.977,45","28.338,74","29.020,07","28.231,68","674,98M","2,32%"
"13.03.2023","28.320,66","29.395,45","29.395,45","28.108,15","1,05B","-3,94%"
"10.03.2023","29.481,05","29.352,38","29.522,43","29.182,87","605,52M","-1,54%"
"09.03.2023","29.940,80","30.166,25","30.193,84","29.787,75","497,97M","-0,72%"
"08.03.2023","30.156,80","29.918,46","30.167,16","29.907,65","483,47M","0,48%"
"07.03.2023","30.013,95","30.153,04","30.286,83","30.010,15","529,80M","-0,67%"
"06.03.2023","30.214,99","30.217,92","30.318,99","30.091,05","625,84M","0,43%"
"03.03.2023","30.086,06","29.830,92","30.101,74","29.827,86","514,12M","1,46%"
"02.03.2023","29.654,24","29.486,86","29.683,56","29.295,90","457,45M","0,28%"
"01.03.2023","29.572,21","29.822,09","29.982,31","29.534,98","686,91M","-0,56%"
"28.02.2023","29.737,59","29.605,72","29.911,12","29.497,53","919,07M","0,10%"
"27.02.2023","29.706,46","29.460,29","29.803,17","29.453,61","564,01M","1,65%"
"24.02.2023","29.225,65","29.627,07","29.668,49","29.192,61","596,03M","-1,00%"
"23.02.2023","29.520,25","29.396,91","29.694,71","29.357,50","656,63M","0,69%"
"22.02.2023","29.318,74","29.590,95","29.611,58","29.067,96","770,08M","-1,09%"
"21.02.2023","29.642,25","29.764,22","29.815,09","29.385,52","639,83M","-0,64%"
"20.02.2023","29.834,58","30.087,51","30.091,55","29.829,91","644,77M","-0,52%"
"17.02.2023","29.989,11","29.928,75","30.100,62","29.700,31","891,97M","-0,36%"
"16.02.2023","30.098,91","29.936,26","30.119,49","29.844,88","695,90M","1,04%"
"15.02.2023","29.789,47","29.730,90","29.845,76","29.678,45","659,14M","0,14%"
"14.02.2023","29.746,74","29.753,15","29.935,60","29.679,30","609,22M","0,23%"
"13.02.2023","29.678,02","29.567,15","29.698,69","29.501,90","711,94M","0,68%"
"10.02.2023","29.476,54","29.689,88","29.801,56","29.299,06","663,48M","-0,90%"
"09.02.2023","29.742,80","29.563,27","29.846,57","29.563,27","877,88M","1,15%"
"08.02.2023","29.404,00","29.543,74","29.634,11","29.404,00","813,71M","0,13%"
"07.02.2023","29.365,44","29.358,49","29.468,45","29.265,59","810,25M","0,31%"
"06.02.2023","29.275,44","29.062,20","29.275,44","28.930,87","759,24M","0,21%"
"03.02.2023","29.213,43","29.228,97","29.250,87","28.949,32","778,59M","-0,45%"
"02.02.2023","29.344,17","29.086,90","29.377,57","29.079,54","1,10B","1,44%"
"01.02.2023","28.927,06","28.900,69","29.043,99","28.848,40","691,80M","0,50%"
"31.01.2023","28.782,18","28.526,44","28.802,59","28.413,52","799,22M","0,93%"
"30.01.2023","28.516,35","28.572,76","28.632,46","28.465,99","751,14M","-0,42%"
"27.01.2023","28.635,70","28.440,44","28.664,90","28.384,68","487,40M","0,79%"
"26.01.2023","28.410,53","28.207,83","28.410,53","28.181,21","516,14M","1,24%"
"25.01.2023","28.061,42","28.097,62","28.108,16","27.892,14","431,85M","-0,06%"
"24.01.2023","28.078,92","28.116,94","28.136,30","27.935,67","469,27M","0,19%"
"23.01.2023","28.025,42","28.016,26","28.094,60","27.808,19","488,93M","0,25%"
"20.01.2023","27.955,35","27.923,48","28.013,98","27.873,61","518,10M","0,75%"
"19.01.2023","27.746,32","28.116,47","28.147,69","27.746,32","584,17M","-1,72%"
"18.01.2023","28.231,47","28.172,35","28.337,28","28.120,29","596,16M","0,35%"
"17.01.2023","28.133,21","28.054,95","28.219,95","27.851,54","656,39M","0,32%"
"16.01.2023","28.042,55","28.007,62","28.071,47","27.887,71","555,58M","0,46%"
"13.01.2023","27.913,02","27.859,99","27.994,01","27.776,56","486,80M","0,25%"
"12.01.2023","27.842,92","27.723,88","27.914,18","27.710,35","647,82M","0,68%"
"11.01.2023","27.655,61","27.502,52","27.713,65","27.412,14","606,50M","0,69%"
"10.01.2023","27.465,10","27.405,23","27.487,50","27.339,52","530,82M","-0,12%"
"09.01.2023","27.497,66","27.286,12","27.568,08","27.286,12","698,08M","0,92%"
"06.01.2023","27.247,57","26.996,28","27.247,57","26.879,65","480,56M","1,32%"
"05.01.2023","26.893,55","26.868,36","27.004,41","26.820,63","374,12M","-0,11%"
"04.01.2023","26.923,87","26.589,70","26.982,70","26.546,60","680,46M","1,65%"
"03.01.2023","26.486,60","26.196,55","26.669,57","26.146,06","540,22M","1,15%"
"02.01.2023","26.185,59","25.892,47","26.185,59","25.885,64","319,59M","1,81%"
"30.12.2022","25.719,96","25.952,84","25.982,87","25.719,37","288,47M","-1,40%"
"29.12.2022","26.084,20","25.687,29","26.092,03","25.638,43","348,01M","1,22%"
"28.12.2022","25.770,66","25.869,40","25.930,08","25.721,04","329,74M","-0,41%"
"27.12.2022","25.875,65","26.051,85","26.102,81","25.827,76","272,62M","-0,05%"
"23.12.2022","25.889,12","25.841,39","25.954,59","25.778,56","302,06M","0,27%"
"22.12.2022","25.820,46","26.139,36","26.204,55","25.791,32","350,09M","-1,15%"
"21.12.2022","26.120,01","25.808,59","26.120,01","25.747,05","380,95M","1,62%"
"20.12.2022","25.703,58","25.405,05","25.749,02","25.344,74","425,09M","0,07%"
"19.12.2022","25.684,88","25.784,94","25.933,24","25.660,08","388,98M","-0,09%"
"16.12.2022","25.706,75","25.770,24","25.843,94","25.502,81","760,87M","-0,19%"
"15.12.2022","25.756,88","26.482,40","26.531,64","25.756,88","651,91M","-3,32%"
"14.12.2022","26.642,18","26.651,50","26.724,92","26.573,79","371,18M","-0,22%"
"13.12.2022","26.700,12","26.429,08","26.970,58","26.319,68","526,23M","1,39%"
"12.12.2022","26.333,32","26.207,25","26.382,86","26.159,19","393,83M","0,05%"
"09.12.2022","26.320,45","26.360,49","26.360,49","25.962,66","448,53M","0,35%"
"08.12.2022","26.228,12","26.302,92","26.322,16","26.115,57","279,93M","-0,12%"
"07.12.2022","26.259,35","26.278,23","26.452,82","26.188,82","382,13M","-0,10%"
"06.12.2022","26.286,70","26.565,41","26.633,40","26.286,70","526,39M","-1,20%"
"05.12.2022","26.605,44","26.672,69","26.743,39","26.571,43","331,67M","-0,29%"
"02.12.2022","26.682,21","26.675,08","26.777,15","26.473,53","418,29M","-0,21%"
"01.12.2022","26.738,94","26.849,64","26.908,62","26.649,89","699,64M","0,38%"
"30.11.2022","26.638,01","26.605,00","26.708,06","26.492,42","767,47M","0,58%"
"29.11.2022","26.484,01","26.549,65","26.585,56","26.262,67","458,79M","0,10%"
"28.11.2022","26.458,05","26.573,37","26.612,51","26.409,09","434,65M","-1,05%"
"25.11.2022","26.739,61","26.771,25","26.828,54","26.673,66","303,26M","-0,07%"
"24.11.2022","26.757,84","26.661,11","26.787,36","26.613,75","382,81M","0,56%"
"23.11.2022","26.609,88","26.617,00","26.623,86","26.390,34","496,37M","0,08%"
"22.11.2022","26.587,63","26.449,94","26.653,77","26.338,05","416,10M","0,91%"
"21.11.2022","26.347,82","26.511,92","26.563,85","26.308,57","487,90M","-1,24%"
"18.11.2022","26.678,38","26.500,54","26.701,10","26.413,74","618,55M","1,32%"
"17.11.2022","26.330,57","26.628,14","26.683,17","26.173,42","522,32M","-0,74%"
"16.11.2022","26.528,10","26.754,69","26.789,25","26.518,85","557,98M","-0,77%"
"15.11.2022","26.734,67","26.722,68","26.791,31","26.516,02","568,52M","0,36%"
"14.11.2022","26.637,92","26.638,59","26.773,32","26.561,60","479,58M","0,49%"
"11.11.2022","26.508,39","26.563,11","26.712,26","26.439,77","734,96M","0,38%"
"10.11.2022","26.406,77","25.620,33","26.434,68","25.620,33","918,82M","2,61%"
"09.11.2022","25.735,44","25.648,33","25.796,21","25.570,77","518,83M","0,36%"
"08.11.2022","25.642,86","25.384,43","25.681,12","25.323,78","811,75M","0,79%"
"07.11.2022","25.441,86","25.101,88","25.472,12","25.079,65","776,42M","0,98%"
"04.11.2022","25.195,30","24.729,89","25.304,38","24.555,35","797,02M","2,36%"
"03.11.2022","24.613,22","24.482,97","24.615,57","24.405,63","548,04M","-0,45%"
"02.11.2022","24.724,16","24.800,92","24.907,33","24.703,12","583,57M","-0,01%"
"01.11.2022","24.727,67","24.797,69","25.049,76","24.660,68","518,48M","0,57%"
"31.10.2022","24.587,27","24.547,00","24.662,20","24.398,67","444,14M","0,50%"
"28.10.2022","24.465,41","24.324,34","24.487,34","24.180,87","462,58M","-0,27%"
"27.10.2022","24.531,64","24.240,73","24.575,92","24.114,28","663,24M","0,76%"
"26.10.2022","24.347,56","24.193,41","24.359,93","24.083,69","471,61M","0,42%"
"25.10.2022","24.245,67","23.982,09","24.245,67","23.763,36","489,39M","1,54%"
"24.10.2022","23.877,38","23.636,77","24.034,70","23.448,28","483,91M","1,85%"
"21.10.2022","23.442,77","23.380,17","23.521,15","23.123,88","404,07M","-0,58%"
"20.10.2022","23.579,40","23.328,48","23.632,06","23.267,34","426,05M","1,07%"
"19.10.2022","23.330,23","23.507,04","23.524,53","23.250,67","364,89M","-0,22%"
"18.10.2022","23.382,44","23.369,55","23.696,87","23.363,01","610,76M","0,92%"
"17.10.2022","23.169,80","22.805,72","23.239,73","22.676,41","383,55M","1,81%"
"14.10.2022","22.757,68","22.933,57","23.152,01","22.722,72","496,21M","0,69%"
"13.10.2022","22.601,13","22.205,68","22.645,46","21.974,62","526,12M","1,52%"
"12.10.2022","22.263,09","22.522,35","22.571,18","22.221,80","428,47M","-1,26%"
"11.10.2022","22.546,06","22.531,30","22.610,20","22.308,43","528,15M","-0,80%"
"10.10.2022","22.727,47","22.555,01","22.801,66","22.527,46","426,20M","0,00%"
"07.10.2022","22.728,57","22.884,58","23.100,39","22.686,95","396,91M","-1,14%"
"06.10.2022","22.990,80","23.330,81","23.366,54","22.890,86","454,67M","-0,98%"
"05.10.2022","23.218,31","23.431,98","23.507,75","23.033,12","453,23M","-1,52%"
"04.10.2022","23.577,85","23.115,34","23.577,85","23.061,13","474,01M","3,39%"
"03.10.2022","22.804,31","22.278,48","22.804,31","22.158,22","469,69M","1,52%"
"30.09.2022","22.462,16","22.249,28","22.507,29","22.200,69","526,19M","1,57%"
"29.09.2022","22.114,35","22.631,94","22.639,07","21.934,77","505,70M","-2,37%"
"28.09.2022","22.651,25","22.555,63","22.706,13","22.249,62","582,58M","-0,46%"
"27.09.2022","22.756,31","23.217,65","23.311,77","22.756,31","587,03M","-1,14%"
"26.09.2022","23.019,17","22.752,59","23.202,90","22.752,59","532,36M","0,65%"
"23.09.2022","22.869,90","23.576,77","23.587,46","22.840,40","586,08M","-3,22%"
"22.09.2022","23.629,88","23.569,22","24.040,98","23.539,63","505,20M","-1,17%"
"21.09.2022","23.910,66","23.492,99","23.910,66","23.492,99","479,18M","1,11%"
"20.09.2022","23.648,79","24.182,11","24.277,43","23.606,98","595,46M","-1,64%"
"19.09.2022","24.043,80","23.944,93","24.171,31","23.663,20","487,12M","0,10%"
"16.09.2022","24.020,59","24.010,86","24.138,61","23.817,54","1,10B","-1,18%"
"15.09.2022","24.307,20","24.376,23","24.538,24","24.214,91","553,81M","-0,27%"
"14.09.2022","24.373,39","24.186,92","24.477,72","24.153,54","459,43M","0,36%"
"13.09.2022","24.285,06","24.706,65","24.881,44","24.285,06","584,69M","-1,35%"
"12.09.2022","24.616,47","24.216,62","24.675,71","24.212,21","550,64M","2,24%"
"09.09.2022","24.076,76","23.717,16","24.143,12","23.716,50","593,73M","1,90%"
"08.09.2022","23.628,42","23.573,61","23.680,54","23.133,09","632,93M","0,82%"
"07.09.2022","23.435,68","23.271,97","23.492,84","23.229,85","526,43M","0,00%"
"06.09.2022","23.436,46","23.440,00","23.595,97","23.260,17","350,09M","-0,02%"
"05.09.2022","23.440,19","23.433,07","23.509,86","23.225,78","388,98M","-2,04%"
"02.09.2022","23.927,94","23.419,19","23.953,31","23.367,30","419,54M","2,75%"
"01.09.2022","23.287,13","23.356,47","23.437,68","23.210,14","392,06M","-1,24%"
"31.08.2022","23.579,02","23.994,76","24.028,79","23.579,02","550,12M","-1,18%"
"30.08.2022","23.860,51","24.000,67","24.279,26","23.788,72","460,14M","-0,07%"
"29.08.2022","23.877,36","23.688,05","23.938,19","23.561,60","367,96M","-0,29%"
"26.08.2022","23.947,56","24.641,57","24.649,97","23.937,20","441,49M","-2,39%"
"25.08.2022","24.533,12","24.668,22","24.699,53","24.395,80","482,55M","0,08%"
"24.08.2022","24.513,76","24.378,33","24.549,47","24.196,58","399,34M","0,23%"
"23.08.2022","24.456,68","24.132,18","24.548,82","24.109,83","493,31M","0,91%"
"22.08.2022","24.235,03","24.464,71","24.538,40","24.116,93","483,10M","-1,67%"
"19.08.2022","24.646,64","25.021,99","25.058,25","24.637,85","416,55M","-1,90%"
"18.08.2022","25.124,64","24.921,89","25.124,64","24.918,87","316,11M","0,93%"
"17.08.2022","24.892,97","25.255,85","25.320,97","24.860,53","376,70M","-1,07%"
"16.08.2022","25.162,58","25.253,71","25.326,11","25.121,52","407,00M","0,10%"
"12.08.2022","25.138,52","25.032,54","25.180,64","25.030,84","485,89M","0,47%"
"11.08.2022","25.020,52","24.976,68","25.037,69","24.921,35","333,38M","0,67%"
"10.08.2022","24.855,22","24.544,70","24.877,02","24.472,29","339,26M","0,98%"
"09.08.2022","24.614,86","24.870,23","24.913,96","24.590,64","341,47M","-1,02%"
"08.08.2022","24.869,05","24.866,78","24.968,14","24.698,42","357,93M","0,58%"
"05.08.2022","24.726,50","24.843,83","24.902,98","24.641,24","478,55M","-0,35%"
"04.08.2022","24.814,24","24.800,79","25.033,63","24.749,21","535,05M","0,37%"
"03.08.2022","24.722,33","24.493,97","24.730,19","24.424,95","489,07M","1,06%"
"02.08.2022","24.462,33","24.515,42","24.519,93","24.257,15","403,48M","-0,41%"
"01.08.2022","24.562,38","24.619,47","24.947,51","24.562,38","452,35M","0,10%"
"29.07.2022","24.537,38","24.306,02","24.631,75","24.237,09","608,83M","2,09%"
"28.07.2022","24.036,14","23.783,74","24.036,14","23.730,27","486,89M","2,03%"
"27.07.2022","23.557,58","23.362,72","23.570,12","23.315,62","461,28M","1,42%"
"26.07.2022","23.227,75","23.443,70","23.462,08","23.227,50","433,22M","-1,06%"
"25.07.2022","23.477,10","23.252,09","23.514,09","23.212,64","421,63M","0,73%"
"22.07.2022","23.307,11","23.235,09","23.486,79","23.171,40","502,70M","0,16%"
"21.07.2022","23.269,16","22.955,10","23.389,25","22.762,34","802,28M","-0,63%"
"20.07.2022","23.416,55","23.855,86","23.927,91","23.288,86","582,90M","-1,52%"
"19.07.2022","23.776,96","23.052,54","23.784,19","23.052,01","522,20M","2,41%"
"18.07.2022","23.216,68","22.965,93","23.341,58","22.965,93","474,28M","1,13%"
"15.07.2022","22.956,33","22.568,59","22.995,42","22.468,40","616,82M","1,80%"
"14.07.2022","22.549,96","23.168,77","23.193,28","22.401,43","640,13M","-3,29%"
"13.07.2022","23.317,68","23.466,02","23.484,24","23.055,30","435,27M","-0,93%"
"12.07.2022","23.536,14","23.467,01","23.569,45","23.329,44","552,24M","-0,37%"
"11.07.2022","23.623,76","23.514,15","23.841,92","23.491,42","450,20M","-0,96%"
"08.07.2022","23.852,44","23.588,92","23.906,42","23.526,74","437,01M","1,07%"
"07.07.2022","23.598,82","23.209,15","23.623,67","23.169,40","538,15M","2,94%"
"06.07.2022","22.924,88","22.982,06","23.062,26","22.733,83","454,94M","1,07%"
"05.07.2022","22.681,71","23.501,23","23.501,23","22.677,30","485,34M","-2,91%"
"04.07.2022","23.362,41","23.526,47","23.584,11","23.329,68","373,23M","-0,03%"
"01.07.2022","23.369,13","23.081,16","23.566,36","23.041,61","443,29M","0,26%"
"30.06.2022","23.308,79","23.533,28","23.583,17","23.139,90","599,60M","-2,38%"
"29.06.2022","23.876,28","23.920,60","24.021,36","23.779,04","364,16M","-1,20%"
"28.06.2022","24.165,54","24.124,98","24.353,62","24.092,55","374,33M","0,74%"
"27.06.2022","23.987,02","24.290,04","24.416,32","23.894,14","399,28M","-0,77%"
"24.06.2022","24.173,62","23.733,30","24.219,99","23.633,80","417,11M","2,27%"
"23.06.2022","23.637,95","23.730,90","24.008,04","23.475,29","569,00M","-0,80%"
"22.06.2022","23.828,02","23.748,59","23.981,80","23.506,99","399,90M","-1,26%"
"21.06.2022","24.131,85","24.128,49","24.362,26","24.071,92","397,45M","0,37%"
"20.06.2022","24.042,64","23.895,25","24.071,67","23.768,12","394,26M","0,87%"
"17.06.2022","23.834,34","23.771,13","24.283,20","23.767,37","763,37M","0,38%"
"16.06.2022","23.742,96","24.417,30","24.460,86","23.737,67","496,38M","-3,23%"
"15.06.2022","24.536,58","24.269,31","24.659,80","24.142,13","543,70M","2,78%"
"14.06.2022","23.873,92","24.176,23","24.236,79","23.641,10","477,28M","-0,41%"
"13.06.2022","23.972,43","24.226,93","24.359,95","23.846,06","595,91M","-2,87%"
"10.06.2022","24.680,41","25.833,96","25.835,72","24.673,08","831,61M","-5,07%"
"09.06.2022","25.998,15","26.333,78","26.437,13","25.866,45","439,66M","-1,88%"
"08.06.2022","26.495,55","26.681,14","26.709,94","26.368,73","336,58M","-0,50%"
"07.06.2022","26.628,89","26.699,94","26.708,77","26.451,35","364,75M","-0,74%"
"06.06.2022","26.826,70","26.611,14","26.914,15","26.611,14","318,40M","1,55%"
"03.06.2022","26.417,59","26.838,53","26.847,48","26.364,63","397,03M","-1,03%"
"02.06.2022","26.691,32","26.637,51","26.713,24","26.553,12","314,30M","0,59%"
"01.06.2022","26.535,33","26.929,38","26.967,75","26.484,77","506,49M","-0,87%"
"31.05.2022","26.768,82","27.014,15","27.068,73","26.709,89","1,01B","-1,19%"
"30.05.2022","27.089,95","27.021,32","27.117,88","26.951,81","747,59M","0,80%"
"27.05.2022","26.875,59","26.861,09","26.898,83","26.684,97","386,61M","0,41%"
"26.05.2022","26.765,92","26.476,15","26.792,97","26.406,47","491,93M","1,24%"
"25.05.2022","26.437,71","26.270,17","26.481,01","26.015,15","530,29M","1,50%"
"24.05.2022","26.046,37","26.079,89","26.278,26","25.980,37","467,47M","-1,09%"
"23.05.2022","26.332,39","26.230,28","26.332,39","25.955,91","481,61M","0,18%"
"20.05.2022","26.286,22","26.433,41","26.757,86","26.226,07","527,36M","0,08%"
"19.05.2022","26.265,85","26.076,78","26.265,85","25.896,41","500,32M","-0,13%"
"18.05.2022","26.300,68","26.571,59","26.625,46","26.275,33","518,55M","-0,87%"
"17.05.2022","26.532,20","26.434,83","26.701,86","26.377,69","514,58M","1,16%"
"16.05.2022","26.226,67","26.177,57","26.352,66","26.050,59","438,25M","-0,07%"
"13.05.2022","26.244,58","25.920,21","26.244,58","25.831,09","526,86M","2,09%"
"12.05.2022","25.707,08","25.433,66","25.844,67","25.343,35","575,17M","-0,62%"
"11.05.2022","25.868,34","25.388,75","25.868,34","25.259,81","577,74M","2,77%"
"10.05.2022","25.171,23","25.189,41","25.493,40","25.123,52","601,32M","1,01%"
"09.05.2022","24.920,16","25.571,35","25.695,15","24.920,16","520,68M","-2,80%"
"06.05.2022","25.636,75","25.878,93","25.986,64","25.508,31","617,53M","-1,20%"
"05.05.2022","25.948,90","26.595,60","26.688,18","25.893,86","671,01M","-0,68%"
"04.05.2022","26.125,34","26.510,97","26.541,84","26.118,76","509,01M","-1,35%"
"03.05.2022","26.483,66","26.290,51","26.483,66","26.201,54","514,88M","1,46%"
"02.05.2022","26.103,23","26.299,06","26.376,30","25.547,38","498,54M","-1,55%"
"29.04.2022","26.513,24","26.568,65","26.674,50","26.389,58","467,27M","0,82%"
"28.04.2022","26.298,40","26.275,99","26.500,16","26.070,91","479,50M","0,94%"
"27.04.2022","26.054,07","25.941,24","26.121,96","25.519,30","540,61M","0,53%"
"26.04.2022","25.917,28","26.427,55","26.427,55","25.917,28","553,36M","-0,97%"
"25.04.2022","26.172,20","26.161,11","26.387,52","25.988,54","579,79M","-1,49%"
"22.04.2022","26.568,36","26.736,64","26.889,82","26.548,63","585,82M","-2,01%"
"21.04.2022","27.113,64","27.164,64","27.304,88","27.111,94","494,75M","-0,18%"
"20.04.2022","27.162,60","26.929,73","27.212,57","26.875,88","463,53M","1,01%"
"19.04.2022","26.889,95","26.839,71","26.935,69","26.596,90","514,83M","-0,86%"
"14.04.2022","27.123,32","27.039,36","27.204,00","26.925,43","511,35M","0,56%"
"13.04.2022","26.973,25","26.834,19","26.973,25","26.748,39","540,57M","0,22%"
"12.04.2022","26.912,73","26.690,94","27.052,54","26.558,67","571,17M","-0,31%"
"11.04.2022","26.997,05","27.019,91","27.222,64","26.841,43","496,98M","-0,27%"
"08.04.2022","27.069,64","26.911,57","27.096,29","26.876,52","677,38M","2,03%"
"07.04.2022","26.531,82","26.758,00","27.163,34","26.507,50","635,84M","-0,53%"
"06.04.2022","26.673,18","27.195,97","27.290,90","26.402,44","805,69M","-2,06%"
"05.04.2022","27.234,02","27.450,97","27.573,99","27.133,50","657,16M","-0,81%"
"04.04.2022","27.457,61","27.495,18","27.517,68","27.173,39","650,80M","0,05%"
"01.04.2022","27.443,53","27.335,85","27.578,44","27.225,31","788,46M","0,54%"
"31.03.2022","27.297,28","27.664,89","27.693,31","27.297,28","926,18M","-1,18%"
"30.03.2022","27.623,76","27.542,95","27.676,39","27.367,37","1,05B","-0,01%"
"29.03.2022","27.627,68","27.302,69","27.812,90","27.196,49","934,33M","2,41%"
"28.03.2022","26.976,21","26.861,99","27.368,99","26.848,08","810,77M","0,61%"
"25.03.2022","26.812,59","26.680,89","26.939,39","26.581,40","901,05M","0,66%"
"24.03.2022","26.637,20","26.632,95","26.796,46","26.536,93","1,16B","0,26%"
"23.03.2022","26.569,24","26.935,59","26.935,59","26.486,79","653,15M","-0,94%"
"22.03.2022","26.821,92","26.683,72","26.875,58","26.651,77","535,65M","0,97%"
"21.03.2022","26.563,59","26.447,49","26.776,36","26.447,49","672,31M","0,25%"
"18.03.2022","26.496,03","26.479,85","26.535,23","26.073,80","1,09B","0,41%"
"17.03.2022","26.386,93","26.647,94","26.733,20","26.095,35","948,65M","-0,56%"
"16.03.2022","26.535,77","26.238,75","26.703,99","26.183,03","1,04B","3,36%"
"15.03.2022","25.673,82","25.414,06","25.776,67","25.092,32","789,81M","0,18%"
"14.03.2022","25.627,18","25.496,41","25.822,65","25.425,91","1,00B","1,71%"
"11.03.2022","25.195,16","25.159,33","25.889,94","24.897,82","1,17B","0,81%"
"10.03.2022","24.992,82","26.091,06","26.137,68","24.935,01","1,20B","-3,99%"
"09.03.2022","26.030,29","24.947,63","26.030,29","24.861,18","1,24B","6,79%"
"08.03.2022","24.375,15","23.894,14","25.081,47","23.894,14","1,39B","0,80%"
"07.03.2022","24.180,63","23.904,06","24.807,54","22.971,61","2,01B","-1,42%"
"04.03.2022","24.529,83","25.880,05","25.891,35","24.529,83","1,59B","-6,16%"
"03.03.2022","26.140,23","26.860,84","27.010,45","26.102,41","1,31B","-2,44%"
"02.03.2022","26.793,13","26.508,31","26.972,15","26.199,55","990,92M","0,71%"
"01.03.2022","26.604,32","27.707,26","27.948,15","26.604,32","1,10B","-4,03%"
"28.02.2022","27.720,92","27.462,92","27.788,25","27.234,84","955,28M","-1,28%"
"25.02.2022","28.080,04","27.399,31","28.113,18","27.044,70","999,06M","3,53%"
"24.02.2022","27.121,73","27.681,79","27.772,41","26.709,83","1,33B","-4,04%"
"23.02.2022","28.264,85","28.504,80","28.742,14","28.241,81","568,55M","-0,38%"
"22.02.2022","28.372,57","27.589,31","28.560,74","27.589,31","890,95M","-0,02%"
"21.02.2022","28.379,25","29.068,09","29.096,20","28.169,98","518,88M","-1,76%"
"18.02.2022","28.888,17","29.154,39","29.238,40","28.799,50","467,53M","-0,58%"
"17.02.2022","29.057,08","29.358,50","29.436,38","28.955,52","644,98M","-1,09%"
"16.02.2022","29.377,17","29.485,73","29.591,84","29.194,57","590,39M","0,00%"
"15.02.2022","29.376,89","28.693,40","29.385,02","28.663,56","686,59M","2,12%"
"14.02.2022","28.767,51","28.680,89","28.845,73","28.200,94","939,73M","-2,01%"
"11.02.2022","29.356,46","29.228,67","29.440,94","29.118,13","721,08M","-0,75%"
"10.02.2022","29.579,14","29.604,16","29.745,59","29.333,72","829,66M","0,24%"
"09.02.2022","29.509,72","28.983,85","29.509,72","28.983,85","786,25M","2,67%"
"08.02.2022","28.741,63","28.688,24","29.007,04","28.530,37","723,39M","0,23%"
"07.02.2022","28.675,29","29.102,20","29.125,59","28.498,09","689,50M","-1,04%"
"04.02.2022","28.975,22","29.662,36","29.666,60","28.886,38","690,83M","-1,73%"
"03.02.2022","29.484,15","29.808,62","29.812,90","29.464,48","587,89M","-1,16%"
"02.02.2022","29.828,85","29.788,88","30.009,37","29.773,55","741,52M","0,55%"
"01.02.2022","29.664,54","29.434,49","29.664,54","29.418,22","855,00M","1,54%"
"31.01.2022","29.215,86","29.466,14","29.466,14","29.037,57","899,88M","0,95%"
"28.01.2022","28.939,83","29.244,64","29.264,72","28.656,32","677,51M","-1,17%"
"27.01.2022","29.283,00","28.651,99","29.442,76","28.612,31","730,12M","0,96%"
"26.01.2022","29.005,77","28.573,79","29.054,23","28.551,05","720,43M","2,29%"
"25.01.2022","28.355,25","28.537,55","28.630,91","28.091,01","641,82M","0,17%"
"24.01.2022","28.307,66","29.308,46","29.411,26","28.129,17","814,60M","-4,03%"
"21.01.2022","29.496,41","29.629,02","29.772,03","29.232,24","641,69M","-1,85%"
"20.01.2022","30.052,14","29.900,23","30.052,14","29.788,38","706,14M","0,73%"
"19.01.2022","29.835,23","29.772,38","30.038,40","29.673,00","715,17M","-0,34%"
"18.01.2022","29.935,73","30.069,35","30.071,84","29.759,12","705,88M","-0,84%"
"17.01.2022","30.189,34","30.158,01","30.204,38","30.058,19","493,73M","0,57%"
"14.01.2022","30.019,19","30.085,27","30.215,42","29.895,72","548,34M","-1,06%"
"13.01.2022","30.340,42","30.191,99","30.406,19","30.177,22","468,64M","0,38%"
"12.01.2022","30.224,11","30.212,49","30.243,50","30.030,42","665,45M","0,60%"
"11.01.2022","30.043,45","30.043,20","30.159,65","29.951,22","428,45M","0,74%"
"10.01.2022","29.821,47","30.330,69","30.349,85","29.743,90","570,80M","-1,15%"
"07.01.2022","30.166,97","30.357,82","30.412,35","30.001,07","673,21M","-0,20%"
"06.01.2022","30.227,98","30.314,49","30.528,04","30.173,14","704,45M","-1,74%"
"05.01.2022","30.764,35","30.617,87","30.808,50","30.563,32","741,10M","0,64%"
"04.01.2022","30.567,50","30.515,18","30.703,85","30.371,40","888,09M","0,77%"
"03.01.2022","30.335,04","30.007,42","30.387,10","30.007,42","1,26B","1,31%"
"30.12.2021","29.941,89","29.949,83","30.006,13","29.903,15","290,96M","0,01%"
"29.12.2021","29.938,13","30.047,63","30.051,34","29.842,62","311,40M","-0,31%"
"28.12.2021","30.031,87","29.846,76","30.088,75","29.846,76","355,52M","0,78%"
"27.12.2021","29.800,72","29.481,46","29.820,14","29.467,05","318,26M","0,82%"
"23.12.2021","29.558,28","29.435,22","29.562,09","29.358,87","329,56M","0,62%"
"22.12.2021","29.377,15","29.185,85","29.377,15","29.074,96","453,28M","0,72%"
"21.12.2021","29.166,69","28.936,92","29.166,69","28.798,92","482,54M","1,73%"
"20.12.2021","28.669,46","28.475,31","28.734,91","28.246,46","630,02M","-1,55%"
"17.12.2021","29.120,89","29.114,94","29.202,13","28.854,13","729,06M","-0,64%"
"16.12.2021","29.308,48","29.592,01","29.592,01","29.245,28","623,38M","0,39%"
"15.12.2021","29.194,96","29.190,88","29.325,82","29.138,28","571,94M","0,40%"
"14.12.2021","29.079,77","29.195,10","29.296,35","29.050,13","556,95M","-0,04%"
"13.12.2021","29.092,82","29.361,14","29.521,05","29.060,75","551,57M","-0,65%"
"10.12.2021","29.284,12","29.225,90","29.466,83","29.225,90","502,63M","-0,35%"
"09.12.2021","29.388,34","29.366,74","29.487,70","29.264,93","635,59M","0,23%"
"08.12.2021","29.321,59","29.624,32","29.749,07","29.321,59","504,66M","-1,35%"
"07.12.2021","29.723,17","29.259,89","29.749,24","29.259,89","575,94M","2,43%"
"06.12.2021","29.018,88","28.671,94","29.047,72","28.541,39","641,21M","2,04%"
"03.12.2021","28.438,83","28.751,41","28.805,68","28.326,03","573,54M","-0,27%"
"02.12.2021","28.515,74","28.641,20","28.767,80","28.387,23","635,97M","-1,40%"
"01.12.2021","28.919,63","28.547,07","28.970,54","28.484,58","682,13M","2,15%"
"30.11.2021","28.311,06","28.153,78","28.589,02","27.991,89","942,14M","-0,81%"
"29.11.2021","28.543,26","28.714,93","28.845,46","28.467,49","728,11M","0,78%"
"26.11.2021","28.321,48","28.775,51","28.896,80","28.321,48","1,14B","-4,44%"
"25.11.2021","29.636,68","29.755,90","29.839,58","29.575,42","1,29B","0,00%"
"24.11.2021","29.636,32","29.542,94","29.686,71","29.305,84","2,05B","0,58%"
"23.11.2021","29.466,14","29.728,67","29.804,93","29.448,90","1,60B","-1,65%"
"22.11.2021","29.959,78","29.857,16","30.025,94","29.780,64","2,82B","0,15%"
"19.11.2021","29.915,86","30.368,04","30.423,96","29.723,35","1,04B","-1,17%"
"18.11.2021","30.268,85","30.448,70","30.507,99","30.202,95","514,84M","-0,59%"
"17.11.2021","30.448,43","30.489,29","30.543,30","30.414,33","618,75M","0,00%"
"16.11.2021","30.449,83","30.601,55","30.637,16","30.448,14","644,10M","-0,26%"
"15.11.2021","30.528,28","30.369,19","30.544,00","30.345,67","626,06M","0,42%"
"12.11.2021","30.399,72","30.314,57","30.400,41","30.246,98","840,49M","0,35%"
"11.11.2021","30.294,46","30.209,86","30.318,22","30.155,68","430,20M","0,18%"
"10.11.2021","30.239,07","30.227,94","30.287,47","30.085,50","614,30M","0,34%"
"09.11.2021","30.136,78","30.375,45","30.430,77","30.136,78","531,20M","-0,94%"
"08.11.2021","30.422,24","30.501,13","30.533,71","30.422,24","748,92M","-0,20%"
"05.11.2021","30.484,56","30.215,25","30.561,46","30.214,86","1,25B","0,90%"
"04.11.2021","30.211,65","30.168,19","30.211,65","30.075,84","949,74M","0,64%"
"03.11.2021","30.020,92","29.798,44","30.020,92","29.772,24","503,94M","0,69%"
"02.11.2021","29.816,36","29.804,34","29.865,33","29.721,76","559,45M","-0,06%"
"01.11.2021","29.833,20","29.625,30","29.929,67","29.616,26","544,34M","1,21%"
"29.10.2021","29.477,49","29.364,69","29.493,36","29.225,54","713,01M","-0,10%"
"28.10.2021","29.505,97","29.443,34","29.554,24","29.373,22","931,12M","0,28%"
"27.10.2021","29.424,27","29.527,51","29.591,60","29.373,85","576,17M","-0,67%"
"26.10.2021","29.624,17","29.516,41","29.701,75","29.481,45","541,77M","0,58%"
"25.10.2021","29.452,02","29.247,92","29.456,86","29.224,68","606,14M","0,80%"
"22.10.2021","29.216,93","29.235,84","29.332,47","29.194,29","413,73M","0,15%"
"21.10.2021","29.171,80","29.074,95","29.270,34","29.007,95","534,64M","-0,12%"
"20.10.2021","29.208,16","28.878,88","29.235,58","28.860,05","550,90M","0,93%"
"19.10.2021","28.937,82","28.903,25","28.984,49","28.869,11","535,12M","0,25%"
"18.10.2021","28.865,00","28.920,77","28.974,86","28.747,38","553,95M","-0,73%"
"15.10.2021","29.077,70","29.016,40","29.135,68","28.937,57","722,30M","0,78%"
"14.10.2021","28.852,99","28.675,86","28.890,43","28.637,88","603,00M","1,23%"
"13.10.2021","28.501,86","28.433,21","28.584,60","28.362,92","485,96M","0,03%"
"12.10.2021","28.493,51","28.106,15","28.493,51","28.064,27","442,83M","0,31%"
"11.10.2021","28.406,40","28.489,23","28.540,31","28.263,01","579,32M","-0,50%"
"08.10.2021","28.548,38","28.529,82","28.595,77","28.445,77","664,79M","0,19%"
"07.10.2021","28.494,44","28.421,55","28.546,15","28.241,48","595,50M","1,47%"
"06.10.2021","28.080,28","28.288,90","28.288,90","27.788,48","761,93M","-1,35%"
"05.10.2021","28.463,96","28.033,72","28.463,96","28.021,56","854,57M","1,81%"
"04.10.2021","27.957,77","28.064,81","28.240,60","27.925,82","533,82M","-0,64%"
"01.10.2021","28.139,23","27.788,58","28.259,89","27.749,36","628,56M","-0,16%"
"30.09.2021","28.183,64","28.399,93","28.458,38","28.054,11","669,16M","-0,15%"
"29.09.2021","28.225,51","28.216,87","28.334,38","28.065,47","663,05M","0,60%"
"28.09.2021","28.056,33","28.716,80","28.767,80","28.056,33","756,89M","-2,22%"
"27.09.2021","28.694,25","28.749,80","28.778,46","28.572,83","615,10M","0,49%"
"24.09.2021","28.554,11","28.627,82","28.670,27","28.511,58","509,05M","-0,46%"
"23.09.2021","28.685,24","28.485,74","28.690,67","28.455,77","626,68M","1,38%"
"22.09.2021","28.296,01","28.078,37","28.296,01","27.986,49","632,46M","1,43%"
"21.09.2021","27.896,11","27.748,93","27.988,97","27.707,67","688,59M","1,14%"
"20.09.2021","27.581,40","27.895,97","27.922,76","27.448,34","890,11M","-2,43%"
"17.09.2021","28.268,23","28.696,28","28.737,37","28.268,23","888,95M","-0,88%"
"16.09.2021","28.518,61","28.477,66","28.670,04","28.477,66","487,28M","0,70%"
"15.09.2021","28.319,16","28.628,28","28.632,61","28.240,35","547,46M","-1,00%"
"14.09.2021","28.605,03","28.522,85","28.704,93","28.489,20","461,73M","0,31%"
"13.09.2021","28.515,49","28.413,90","28.617,72","28.412,52","473,86M","0,77%"
"10.09.2021","28.296,91","28.598,32","28.620,75","28.256,32","535,86M","-0,86%"
"09.09.2021","28.541,93","28.336,65","28.633,13","28.255,30","490,70M","0,14%"
"08.09.2021","28.502,66","28.591,72","28.702,38","28.337,08","549,21M","-0,75%"
"07.09.2021","28.719,13","28.911,50","28.933,50","28.683,74","377,26M","-0,70%"
"06.09.2021","28.922,85","28.786,47","28.955,52","28.780,83","401,59M","0,74%"
"03.09.2021","28.711,79","28.882,00","28.917,38","28.609,22","599,16M","-0,60%"
"02.09.2021","28.884,05","28.802,56","28.896,54","28.795,58","486,05M","0,27%"
"01.09.2021","28.805,78","28.798,42","29.025,49","28.712,30","555,17M","0,69%"
"31.08.2021","28.609,59","28.658,18","28.819,15","28.493,32","721,61M","-0,06%"
"30.08.2021","28.625,94","28.659,17","28.676,02","28.540,64","1,00B","0,10%"
"27.08.2021","28.597,75","28.449,38","28.599,89","28.402,02","532,66M","0,52%"
"26.08.2021","28.450,86","28.555,11","28.639,26","28.415,14","568,09M","-0,70%"
"25.08.2021","28.652,32","28.610,56","28.652,32","28.555,35","572,13M","0,17%"
"24.08.2021","28.603,42","28.727,32","28.727,32","28.467,64","356,13M","-0,05%"
"23.08.2021","28.617,75","28.663,46","28.733,19","28.493,62","430,09M","0,59%"
"20.08.2021","28.449,33","28.448,21","28.472,83","28.232,49","503,43M","-0,08%"
"19.08.2021","28.471,19","28.599,58","28.599,58","28.240,10","829,83M","-1,59%"
"18.08.2021","28.931,05","28.775,14","28.948,05","28.723,37","1,06B","0,57%"
"17.08.2021","28.767,77","28.877,72","28.877,72","28.704,11","754,24M","-0,79%"
"16.08.2021","28.998,24","29.043,10","29.157,17","28.940,46","342,85M","-0,73%"
"13.08.2021","29.212,89","29.134,03","29.250,98","29.104,75","362,94M","0,33%"
"12.08.2021","29.116,68","29.052,21","29.142,93","29.010,17","568,49M","0,31%"
"11.08.2021","29.027,11","28.811,56","29.047,91","28.765,70","838,95M","0,99%"
"10.08.2021","28.743,12","28.691,01","28.827,89","28.679,55","986,32M","0,26%"
"09.08.2021","28.669,48","28.535,49","28.686,76","28.535,49","590,28M","0,54%"
"06.08.2021","28.515,51","28.217,53","28.558,29","28.191,39","545,57M","1,11%"
"05.08.2021","28.203,75","28.022,08","28.209,65","28.022,08","390,18M","0,67%"
"04.08.2021","28.017,04","28.007,06","28.074,62","27.869,69","457,37M","0,50%"
"03.08.2021","27.877,21","27.951,05","28.005,18","27.807,02","455,54M","-0,03%"
"02.08.2021","27.884,91","28.045,61","28.202,56","27.884,91","513,53M","0,07%"
"30.07.2021","27.864,44","27.911,14","27.999,14","27.834,78","846,86M","-0,50%"
"29.07.2021","28.004,63","27.849,98","28.032,24","27.805,82","718,76M","0,94%"
"28.07.2021","27.743,20","27.567,00","27.775,45","27.526,48","456,58M","0,70%"
"27.07.2021","27.550,77","27.696,26","27.732,47","27.464,76","394,25M","-0,78%"
"26.07.2021","27.767,94","27.453,39","27.767,94","27.428,65","445,03M","0,67%"
"23.07.2021","27.583,66","27.377,13","27.618,53","27.357,64","396,58M","1,24%"
"22.07.2021","27.245,38","27.211,47","27.429,05","27.164,82","453,68M","0,61%"
"21.07.2021","27.080,56","26.619,68","27.095,35","26.611,99","567,85M","2,29%"
"20.07.2021","26.473,34","26.465,58","26.596,97","26.170,60","539,12M","0,60%"
"19.07.2021","26.316,32","26.918,75","26.925,33","26.184,77","849,60M","-3,27%"
"16.07.2021","27.206,05","27.344,90","27.429,82","27.094,25","566,48M","-0,33%"
"15.07.2021","27.296,25","27.538,86","27.546,80","27.255,14","410,56M","-1,29%"
"14.07.2021","27.651,77","27.574,93","27.778,28","27.550,36","359,97M","0,12%"
"13.07.2021","27.617,92","27.774,34","27.779,02","27.539,84","500,78M","-0,42%"
"12.07.2021","27.735,18","27.573,65","27.751,25","27.405,41","389,81M","0,86%"
"09.07.2021","27.499,96","27.182,51","27.525,50","27.181,39","540,87M","1,59%"
"08.07.2021","27.069,22","27.612,73","27.616,09","26.887,03","837,08M","-2,50%"
"07.07.2021","27.764,10","27.782,34","27.907,17","27.636,53","641,34M","0,26%"
"06.07.2021","27.690,74","27.921,30","27.923,17","27.624,36","638,05M","-0,80%"
"05.07.2021","27.913,65","27.733,48","27.984,10","27.622,45","476,62M","0,62%"
"02.07.2021","27.742,98","27.788,87","27.846,89","27.687,31","612,51M","0,05%"
"01.07.2021","27.729,52","27.688,92","27.845,31","27.463,46","412,14M","0,72%"
"30.06.2021","27.531,67","27.800,03","27.853,45","27.374,81","538,37M","-0,98%"
"29.06.2021","27.804,25","27.690,27","27.912,43","27.690,27","420,26M","0,47%"
"28.06.2021","27.675,15","27.976,34","28.038,86","27.675,15","400,07M","-1,07%"
"25.06.2021","27.975,53","27.931,82","27.992,06","27.887,65","383,77M","0,31%"
"24.06.2021","27.890,30","27.608,89","27.898,23","27.571,29","585,58M","1,29%"
"23.06.2021","27.535,98","27.830,28","27.882,70","27.535,98","410,04M","-0,92%"
"22.06.2021","27.790,56","27.915,14","27.915,14","27.672,36","507,95M","-0,31%"
"21.06.2021","27.877,77","27.376,33","27.877,77","27.376,33","577,33M","0,65%"
"18.06.2021","27.699,03","28.156,23","28.240,02","27.694,75","934,45M","-1,77%"
"17.06.2021","28.199,38","28.174,55","28.278,63","28.165,26","522,56M","-0,23%"
"16.06.2021","28.263,71","28.299,66","28.316,36","28.187,70","473,39M","0,13%"
"15.06.2021","28.226,47","28.336,39","28.345,05","28.133,42","501,43M","-0,12%"
"14.06.2021","28.259,68","28.283,80","28.363,01","28.194,36","503,83M","0,22%"
"11.06.2021","28.198,91","28.120,68","28.212,88","28.076,09","464,72M","0,37%"
"10.06.2021","28.095,53","28.232,69","28.232,69","27.972,06","529,44M","-0,42%"
"09.06.2021","28.215,21","28.328,23","28.359,45","28.170,39","462,74M","-0,26%"
"08.06.2021","28.288,04","28.322,09","28.407,51","28.174,45","701,45M","-0,04%"
"07.06.2021","28.300,73","28.013,95","28.305,34","27.971,08","721,23M","1,00%"
"04.06.2021","28.020,70","27.906,94","28.020,70","27.897,22","614,28M","0,42%"
"03.06.2021","27.904,88","27.815,82","27.927,48","27.647,02","603,78M","0,26%"
"02.06.2021","27.832,95","27.741,57","27.861,89","27.707,05","482,10M","0,19%"
"01.06.2021","27.779,35","27.718,77","28.010,72","27.718,77","656,05M","0,61%"
"31.05.2021","27.611,38","27.581,21","27.718,12","27.559,05","448,60M","0,11%"
"28.05.2021","27.580,40","27.473,71","27.591,90","27.434,34","547,63M","0,54%"
"27.05.2021","27.431,86","27.081,81","27.473,36","27.080,94","777,09M","1,07%"
"26.05.2021","27.140,96","27.317,25","27.353,36","27.043,80","594,13M","-0,38%"
"25.05.2021","27.243,80","27.307,03","27.369,96","27.222,80","533,68M","-0,01%"
"24.05.2021","27.247,35","27.187,54","27.311,27","27.144,77","456,44M","-0,25%"
"21.05.2021","27.314,92","27.119,22","27.314,92","27.066,80","616,72M","0,98%"
"20.05.2021","27.049,06","26.958,35","27.049,06","26.743,71","525,77M","0,82%"
"19.05.2021","26.828,76","26.974,93","27.115,50","26.593,47","750,93M","-1,49%"
"18.05.2021","27.235,68","27.406,40","27.466,93","27.174,08","683,50M","0,09%"
"17.05.2021","27.210,29","27.188,08","27.275,74","27.061,35","599,49M","0,39%"
"14.05.2021","27.103,67","26.963,74","27.103,67","26.750,87","559,33M","1,07%"
"13.05.2021","26.817,40","26.552,36","26.896,02","26.192,20","606,51M","0,19%"
"12.05.2021","26.767,83","26.751,14","26.845,66","26.587,30","654,94M","0,24%"
"11.05.2021","26.703,95","26.953,47","26.953,47","26.560,87","770,21M","-1,65%"
"10.05.2021","27.150,67","27.066,39","27.157,40","26.995,03","655,68M","0,74%"
"07.05.2021","26.950,62","26.937,89","26.960,47","26.722,65","594,47M","0,57%"
"06.05.2021","26.796,61","26.862,08","26.987,35","26.669,07","957,65M","0,09%"
"05.05.2021","26.771,49","26.468,35","26.779,80","26.420,79","573,86M","1,86%"
"04.05.2021","26.281,48","26.783,41","26.841,84","26.252,91","611,66M","-1,69%"
"03.05.2021","26.732,84","26.506,54","26.778,27","26.452,78","468,10M","1,08%"
"30.04.2021","26.446,90","26.636,77","26.702,32","26.390,22","636,82M","-0,51%"
"29.04.2021","26.583,22","26.859,01","26.860,59","26.452,75","622,39M","-0,68%"
"28.04.2021","26.766,22","26.835,85","26.863,93","26.666,17","524,71M","-0,04%"
"27.04.2021","26.777,12","26.837,83","26.859,06","26.672,32","439,04M","-0,22%"
"26.04.2021","26.835,36","26.732,80","26.866,57","26.638,31","475,88M","0,57%"
"23.04.2021","26.684,23","26.577,51","26.699,20","26.523,56","389,57M","-0,04%"
"22.04.2021","26.693,59","26.520,91","26.708,47","26.454,72","448,80M","1,03%"
"21.04.2021","26.420,45","26.454,96","26.528,56","26.162,02","519,39M","0,29%"
"20.04.2021","26.344,06","26.989,31","27.022,60","26.307,88","636,15M","-2,37%"
"19.04.2021","26.982,30","27.030,47","27.101,06","26.949,20","519,94M","-0,18%"
"16.04.2021","27.030,19","26.822,16","27.052,25","26.796,68","523,66M","0,89%"
"15.04.2021","26.791,19","26.864,01","26.903,25","26.734,76","437,18M","-0,15%"
"14.04.2021","26.831,18","26.893,03","26.893,03","26.694,02","452,24M","-0,11%"
"13.04.2021","26.859,47","26.736,01","26.894,44","26.708,99","475,77M","0,59%"
"12.04.2021","26.702,15","26.638,35","26.809,73","26.572,28","388,72M","0,16%"
"09.04.2021","26.658,53","26.841,71","26.910,46","26.658,53","493,94M","-0,53%"
"08.04.2021","26.800,76","27.077,93","27.099,20","26.750,41","628,19M","-0,60%"
"07.04.2021","26.961,90","26.987,77","27.056,19","26.833,44","481,23M","-0,07%"
"06.04.2021","26.981,96","27.134,85","27.148,09","26.964,08","611,39M","0,29%"
"01.04.2021","26.902,66","26.903,61","26.943,55","26.830,39","686,74M","0,33%"
"31.03.2021","26.814,98","26.847,66","26.962,22","26.801,32","622,80M","0,02%"
"30.03.2021","26.808,95","26.716,71","26.876,74","26.641,92","618,89M","0,78%"
"29.03.2021","26.601,55","26.606,41","26.665,90","26.501,65","540,80M","0,14%"
"26.03.2021","26.563,23","26.551,84","26.595,11","26.440,46","658,55M","0,70%"
"25.03.2021","26.378,64","26.307,43","26.425,20","26.144,07","674,67M","0,06%"
"24.03.2021","26.361,57","26.129,84","26.369,35","26.090,71","590,88M","0,36%"
"23.03.2021","26.268,25","26.361,97","26.364,71","26.170,97","615,98M","-0,54%"
"22.03.2021","26.410,18","26.225,20","26.436,54","26.180,76","600,58M","0,26%"
"19.03.2021","26.341,80","26.128,01","26.501,50","26.128,01","1,41B","-0,51%"
"18.03.2021","26.476,45","26.572,85","26.597,95","26.375,40","762,29M","0,21%"
"17.03.2021","26.420,25","26.437,65","26.502,61","26.334,53","624,54M","0,01%"
"16.03.2021","26.417,61","26.389,69","26.467,90","26.331,63","709,04M","0,56%"
"15.03.2021","26.269,19","26.346,57","26.570,30","26.188,68","743,69M","0,09%"
"12.03.2021","26.244,97","26.236,53","26.328,66","26.155,74","745,19M","-0,08%"
"11.03.2021","26.264,82","26.131,27","26.357,38","26.131,27","996,08M","0,90%"
"10.03.2021","26.029,57","25.878,96","26.055,33","25.825,99","775,85M","0,54%"
"09.03.2021","25.889,25","25.719,33","25.943,83","25.663,79","800,28M","0,73%"
"08.03.2021","25.701,06","25.172,33","25.746,38","25.064,72","816,95M","2,98%"
"05.03.2021","24.958,37","24.952,15","25.283,85","24.863,87","773,55M","-0,55%"
"04.03.2021","25.097,00","24.958,06","25.198,27","24.800,44","609,98M","0,17%"
"03.03.2021","25.054,31","25.263,42","25.396,83","24.822,86","766,35M","-0,27%"
"02.03.2021","25.122,68","25.234,14","25.397,10","25.122,68","566,33M","-0,76%"
"01.03.2021","25.313,88","25.142,04","25.316,77","25.117,33","608,56M","1,84%"
"26.02.2021","24.856,67","24.727,46","25.051,29","24.679,30","699,17M","-0,92%"
"25.02.2021","25.087,79","25.311,00","25.332,12","25.081,48","862,15M","-0,18%"
"24.02.2021","25.133,31","24.941,86","25.166,88","24.913,68","1,09B","0,62%"
"23.02.2021","24.977,71","25.172,93","25.246,83","24.660,97","704,42M","-0,41%"
"22.02.2021","25.079,69","25.059,18","25.116,15","24.907,96","531,77M","-0,47%"
"19.02.2021","25.196,86","24.988,64","25.245,59","24.891,89","624,66M","0,90%"
"18.02.2021","24.973,09","25.286,81","25.371,15","24.932,76","642,86M","-1,16%"
"17.02.2021","25.266,63","25.495,53","25.556,88","25.211,56","630,57M","-1,09%"
"16.02.2021","25.546,33","25.761,40","25.769,43","25.536,55","757,23M","-0,72%"
"15.02.2021","25.732,75","25.764,92","25.775,76","25.683,32","640,79M","0,79%"
"12.02.2021","25.531,62","25.410,17","25.531,62","25.169,23","516,63M","0,42%"
"11.02.2021","25.425,71","25.392,82","25.486,39","25.363,64","588,12M","0,25%"
"10.02.2021","25.361,39","25.486,49","25.492,15","25.231,94","749,70M","-0,02%"
"09.02.2021","25.367,65","25.557,59","25.557,59","25.316,34","680,80M","-0,51%"
"08.02.2021","25.498,80","25.321,15","25.578,52","25.279,42","979,73M","1,53%"
"05.02.2021","25.115,02","25.022,73","25.305,77","24.976,48","986,03M","0,74%"
"04.02.2021","24.930,42","24.594,02","25.001,10","24.508,49","749,51M","1,51%"
"03.02.2021","24.559,12","24.461,31","24.773,59","24.406,87","1,05B","2,08%"
"02.02.2021","24.059,55","23.942,58","24.151,65","23.942,58","929,65M","1,05%"
"01.02.2021","23.809,30","23.711,49","23.870,52","23.597,54","550,08M","1,18%"
"29.01.2021","23.530,79","23.531,23","23.750,67","23.483,77","577,38M","-1,48%"
"28.01.2021","23.883,40","23.430,10","23.914,26","23.243,77","549,41M","1,09%"
"27.01.2021","23.625,51","23.910,20","23.973,74","23.371,54","589,28M","-1,46%"
"26.01.2021","23.974,65","23.669,92","24.028,54","23.609,89","567,36M","1,20%"
"25.01.2021","23.690,91","24.213,04","24.220,99","23.628,28","654,69M","-1,53%"
"22.01.2021","24.058,38","24.231,70","24.231,70","23.891,76","595,23M","-1,43%"
"21.01.2021","24.408,60","24.780,15","24.830,33","24.404,65","595,50M","-0,92%"
"20.01.2021","24.634,64","24.551,65","24.653,21","24.490,21","531,11M","0,85%"
"19.01.2021","24.427,84","24.629,37","24.639,03","24.415,87","673,40M","-0,24%"
"18.01.2021","24.487,31","24.265,54","24.500,69","24.253,27","426,71M","0,38%"
"15.01.2021","24.395,73","24.659,15","24.758,65","24.252,20","554,57M","-1,09%"
"14.01.2021","24.663,85","24.780,92","24.902,88","24.663,85","547,68M","-0,49%"
"13.01.2021","24.784,36","24.646,72","24.852,30","24.604,93","503,33M","0,44%"
"12.01.2021","24.675,52","24.842,48","24.878,65","24.589,78","686,98M","-0,38%"
"11.01.2021","24.769,19","24.736,24","24.836,47","24.532,66","509,52M","-0,23%"
"08.01.2021","24.826,80","24.966,89","25.032,80","24.731,44","606,03M","0,25%"
"07.01.2021","24.764,96","24.851,36","24.882,51","24.648,46","737,09M","0,02%"
"06.01.2021","24.759,56","24.359,58","24.809,85","24.215,15","876,89M","2,34%"
"05.01.2021","24.193,22","24.218,97","24.337,65","24.093,66","592,18M","-0,47%"
"04.01.2021","24.307,39","24.376,85","24.493,18","24.210,11","598,96M","0,43%"